0,Jeanne Hébuterne,Oil on canvas,1919,NULL,NULL,0
1,The Italian Woman,Oil on canvas,ca. 1918–19,NULL,NULL,0
2,Young Lady in 1866,Oil on canvas,1866,NULL,NULL,6
3,George Moore (1852–1933),Pastel on canvas,1879,NULL,NULL,6
4,The Monet Family in Their Garden at Argenteuil,Oil on canvas,1874,NULL,NULL,6
5,"Madame Manet (Suzanne Leenhoff, 1829–1906) at Bellevue",Oil on canvas,1880,NULL,NULL,6
6,Boating,Oil on canvas,1874,NULL,NULL,6
7,The Dead Christ with Angels,Oil on canvas,1864,NULL,NULL,6
8,The Spanish Singer,Oil on canvas,1860,NULL,NULL,6
9,A Matador,Oil on canvas,1866–67,NULL,NULL,6
10,Boy with a Sword,Oil on canvas,1861,NULL,NULL,6
11,The Funeral,Oil on canvas,ca. 1867,NULL,NULL,6
12,The Brioche,Oil on canvas,1870,NULL,NULL,6
13,Fishing,Oil on canvas,ca. 1862–63,NULL,NULL,6
14,Young Man in the Costume of a Majo,Oil on canvas,1863,NULL,NULL,6
15,Mademoiselle Isabelle Lemonnier (1857–1926),Pastel on canvas,1879–82,NULL,NULL,6
16,Mademoiselle V. . . in the Costume of an Espada,Oil on canvas,1862,NULL,NULL,6
17,"The ""Kearsarge"" at Boulogne",Oil on canvas,1864,NULL,NULL,6
18,George Moore (1852–1933) at the Café,Oil on canvas,1878 or 1879,NULL,NULL,6
19,Strawberries,Oil on canvas,ca. 1882,NULL,NULL,6
20,Head of Jean-Baptiste Faure (1830–1914),Oil on canvas,1882–83,NULL,NULL,6
21,Jean-Baptiste Faure (1830–1914),Oil on canvas,1882–83,NULL,NULL,6
22,"Copy after Delacroix's ""Bark of Dante""",Oil on canvas,ca. 1859,NULL,NULL,6
23,In the Upper Gallery (Au Paradis),"Lithograph (transfer relief plate, or gillotage) on china paper",1877,NULL,NULL,6
24,"Jeanne, from ""Gazette des Beaux-Arts""",Etching and aquatint on laid paper,"1882, printed 1902",NULL,NULL,6
25,Shoes,Oil on canvas,1888,NULL,NULL,8
26,Self-Portrait with a Straw Hat (obverse: The Potato Peeler),Oil on canvas,1887,NULL,NULL,8
27,Irises,Oil on canvas,1890,NULL,NULL,8
28,"La Berceuse (Woman Rocking a Cradle; Augustine-Alix Pellicot Roulin, 1851–1930)",Oil on canvas,1889,NULL,NULL,8
29,"L'Arlésienne: Madame Joseph-Michel Ginoux (Marie Julien, 1848–1911)",Oil on canvas,1888–89,NULL,NULL,8
30,Wheat Field with Cypresses,Oil on canvas,1889,NULL,NULL,8
31,Oleanders,Oil on canvas,1888,NULL,NULL,8
32,The Potato Peeler (reverse: Self-Portrait with a Straw Hat),Oil on canvas,1885,NULL,NULL,8
33,Sunflowers,Oil on canvas,1887,NULL,NULL,8
34,Olive Trees,Oil on canvas,1889,NULL,NULL,8
35,"First Steps, after Millet",Oil on canvas,1890,NULL,NULL,8
36,Peasant Woman Cooking by a Fireplace,Oil on canvas,1885,NULL,NULL,8
37,Cypresses,Oil on canvas,1889,NULL,NULL,8
38,Road in Etten,"Chalk, pencil, pastel, watercolor.  Underdrawing in pen and brown ink.",1881,NULL,NULL,8
39,Bouquet of Flowers in a Vase,Oil on canvas,1890,NULL,NULL,8
40,Madame Roulin and Her Baby,Oil on canvas,1888,NULL,NULL,8
41,Roses,Oil on canvas,1890,NULL,NULL,8
42,Corridor in the Asylum,"Oil color and essence over black chalk on pink laid (""Ingres"") paper",September 1889,NULL,NULL,8
43,The Flowering Orchard,Oil on canvas,1888,NULL,NULL,8
44,Nursery on Schenkweg,"Black chalk, graphite, pen, brush, and ink, heightened with white body color on laid paper watermarked ED & CIE (in a cartouche)",April–May 1882,NULL,NULL,8
45,Aristotle with a Bust of Homer,Oil on canvas,1653,NULL,NULL,8
46,Street in Saintes-Maries-de-la-Mer,"Reed pen, quill, and brown ink over black chalk on wove paper (backed with wove paper)","ca. July 15, 1888",NULL,NULL,8
47,Wheat Field,Reed pen and logwood ink over graphite on wove paper,July 1888,NULL,NULL,8
48,Burning Weeds,Transfer lithograph with pen and ink,"mid-July, 1883",NULL,NULL,8
49,Vincent Van Gogh on his Deathbed,Etching and drypoint,ca. 1890,NULL,NULL,8
50,Gardener by an Apple Tree,Transfer lithograph with pen and ink,"mid-July, 1883",NULL,NULL,8
51,The Zouave,"Reed pen and brown ink, wax crayon and watercolor, over graphite on wove paper","ca. June 20, 1888",NULL,NULL,8
52,At Eternity's Gate,Transfer lithograph,"November 26−27, 1882",NULL,NULL,8
53,Peasant Woman Kneeling and Pulling Carrots,Black chalk and brush and wash,1885,NULL,NULL,8
54,The Denial of Saint Peter,Oil on canvas,1610,NULL,NULL,8
55,Portrait of Doctor Gachet or Man with a Pipe,Etching,1890,NULL,NULL,8
56,The Toilet of Bathsheba,Oil on wood,1643,NULL,NULL,8
57,Christ Asleep during the Tempest,Oil on canvas,ca. 1853,NULL,NULL,8
58,Flowers in a Blue Vase,Oil on wood,1879–1883,NULL,NULL,8
59,Woman Combing Her Hair,"Pastel on light green wove paper, now discolored to warm gray, affixed to original pulpboard mount",ca. 1888–90,NULL,NULL,8
60,The Funeral,Oil on canvas,ca. 1867,NULL,NULL,8
61,"The ""Kearsarge"" at Boulogne",Oil on canvas,1864,NULL,NULL,8
62,"Antoine Dominique Sauveur Aubert (born 1817), the Artist's Uncle",Oil on canvas,1866,NULL,NULL,8
63,The Garden of the Tuileries on a Winter Afternoon,Oil on canvas,1899,NULL,NULL,8
64,A Bashi-Bazouk,Oil on canvas,1875,NULL,NULL,8
65,"A Cowherd at Valhermeil, Auvers-sur-Oise",Oil on canvas,1874,NULL,NULL,8
66,The Baker's Cart,Oil on canvas,1656,NULL,NULL,8
67,Haystacks: Autumn,Oil on canvas,ca. 1874,NULL,NULL,8
68,Woman from the French Colonies,"Algerian onyx-marble, bronze, and enamel; white marble socle",1861,NULL,NULL,8
69,"Jo, La Belle Irlandaise",Oil on canvas,1865–66,NULL,NULL,8
70,"Tilla Durieux (Ottilie Godeffroy, 1880–1971)",Oil on canvas,1914,NULL,NULL,8
71,Venus and the Sphinx,Tinted plaster,1868,NULL,NULL,8
72,Jupiter and the Sphinx,Tinted plaster,1868,NULL,NULL,8
73,Mask from Libro di Variate Mascare,Engraving,1560,NULL,NULL,8
74,The Collector of Prints,Oil on canvas,1866,NULL,NULL,8
75,Mäda Primavesi (1903–2000),Oil on canvas,1912–13,NULL,NULL,9
76,The Adoration of the Magi,Oil and gold on oak,ca. 1475,NULL,NULL,10
77,Christ's Descent into Hell,Oil on wood,NULL,NULL,NULL,10
78,The Temptation of St. Anthony,Etching and engraving,1561,NULL,NULL,10
79,"Sloth (Desidia), from ""The Seven Deadly Sins""",Engraving,1558,NULL,NULL,10
80,Big Fish Eat Little Fish,Engraving; first state of four,1557,NULL,NULL,10
81,"Portrait of a Man, Possibly an Architect or Geographer",Oil on copper,1597,NULL,NULL,14
82,"Rubens, Helena Fourment (1614–1673), and Their Son Frans (1633–1678)",Oil on wood,ca. 1635,NULL,NULL,14
83,The Triumph of Henry IV,Oil on wood,ca. 1630,NULL,NULL,14
84,A Forest at Dawn with a Deer Hunt,Oil on wood,ca. 1635,NULL,NULL,14
85,Wolf and Fox Hunt,Oil on canvas,ca. 1616,NULL,NULL,14
86,The Feast of Acheloüs,Oil on wood,ca. 1615,NULL,NULL,14
87,Venus and Adonis,Oil on canvas,probably mid-1630s,NULL,NULL,14
88,The Holy Family with Saints Francis and Anne and the Infant Saint John the Baptist,Oil on canvas,early or mid-1630s,NULL,NULL,14
89,The Coronation of the Virgin,Oil on wood,ca. 1632–33,NULL,NULL,14
90,The Glorification of the Eucharist,Oil on wood,ca. 1630–32,NULL,NULL,14
91,"The Holy Family with Saint Elizabeth, Saint John, and a Dove",Oil on oak,ca. 1608–9,NULL,NULL,14
92,Study of Two Heads,Oil on wood,ca. 1609,NULL,NULL,14
93,Bust of Pseudo-Seneca,"Pen and brown ink over black chalk heightened with white, with brush and gray ink",1600–1626,NULL,NULL,14
94,"Portrait of a Woman, Probably Susanna Lunden (Susanna Fourment, 1599–1628)",Oil on wood,ca. 1625–27,NULL,NULL,14
95,Portrait of Nicolas Trigault in Chinese Costume,"Black, red, and white chalk, blue pastel, and pen and brown and black ink on light brown laid paper",1617,NULL,NULL,14
96,Saint Teresa of Avila Interceding for Souls in Purgatory,Oil on wood,NULL,NULL,NULL,14
97,Descent from the Cross,Boxwood,17th century,NULL,NULL,14
98,Atalanta and Meleager,Oil on wood,ca. 1616,NULL,NULL,14
99,Self-portrait of Peter Paul Rubens,Etching,1874,NULL,NULL,14
100,"Portrait of Helena Fourment, Rubens' second wife, wearing a fur coat over her shoulders",Etching,1767,NULL,NULL,14
101,"Madame Georges Charpentier (Marguerite-Louise Lemonnier, 1848–1904) and Her Children, Georgette-Berthe (1872–1945) and Paul-Emile-Charles (1875–1895)",Oil on canvas,1878,NULL,NULL,14
102,"Drunken Silenus, after Rubens",Graphite on green (formerly blue) laid paper,1840,NULL,NULL,14
103,Susanna,"Pen and brown ink, brush and brown wash",NULL,NULL,NULL,14
104,Saint Catherine of Alexandria,"Etching, counterproof of the first state of three, with corrections in pen and brown ink and black chalk",ca. 1620,NULL,NULL,14
105,"Portrait of Susanna Lunden, sister of Helena Fourment",Engraving,1763–66,NULL,NULL,14
106,"Portrait of Rubens' sons, Albert and Nikolaus",Etching,1750–75,NULL,NULL,14
107,Rubens with his Wife and Child,Mezzotint; second state of two,1740–65,NULL,NULL,14
108,The Garden of Love (left portion),"Pen, brown ink, brush and gray-green wash over traces of black chalk, touched with indigo, green, yellowish, and white paint",ca. 1633–35,NULL,NULL,14
109,The Garden of Love (right portion),"Pen and brown ink, brush and brown and green wash, heightened with light blue gouache, over black chalk",ca. 1633–35,NULL,NULL,14
110,Presentation in the Temple,"Pen, brush and brown ink on pale tan paper; reverse, black chalk and brown ink",n.d.,NULL,NULL,14
111,"Carolus, Duke of Lower Lorraine and Gerberga",Pen and brown ink,n.d.,NULL,NULL,14
112,"Portrait of Rubens' sons, Albert and Nikolaus",Engraving,1752,NULL,NULL,14
113,Anatomical Studies: a left forearm in two positions and a right forearm,Pen and brown ink,ca. 1600–05,NULL,NULL,14
114,Head of Silenus,"Black chalk, brush and light brown wash",1855–1906,NULL,NULL,14
115,The Virgin Adored by Saints (recto); Study of the Torso Belvedere (verso),Pen and brown ink (recto); red chalk (verso),1577–1640,NULL,NULL,14
116,A Sermon in a Village Church,"Black chalk, oil- and water-based paints",ca. 1630,NULL,NULL,14
117,"Portrait of Peter Paul Rubens, aged 46",Engraving; third state of three (Hollstein),1630,NULL,NULL,14
118,Rubens with his Wife and Child,Mezzotint; first state of two; proof before letters,1740–65,NULL,NULL,14
119,The Prophets David and Daniel,"Red chalk, brush and red and pink wash, bodycolor, heightened with white",ca. 1601–2,NULL,NULL,14
120,The Wagonner,"Watercolor, graphite and black ink",1620 (?),NULL,NULL,14
121,Peter Paul Rubens (Petrus Paulus Rubenius),Etching; second state of two (NH),1644–52,NULL,NULL,14
122,"Adoration of the Magi, after Rubens",Graphite,ca. 1830,NULL,NULL,14
123,"Rubens, his wife Helena Fourment, and their Child",Mezzotint,ca. 1770,NULL,NULL,14
124,"Portrait of Elisabeth of Bourbon, Queen of Spain",Etching and engraving,ca. 1650,NULL,NULL,14
125,"The Four Philosophers: Justus Lipsius, Hugo Grotius, Peter Paul Rubens, and Philip Rubens",Etching and engraving,1770–82,NULL,NULL,14
126,Lion Hunting,Engraving and etching; first state of four,1595–1657,NULL,NULL,14
127,"Old Woman with a Brazier, after Rubens",Engraving,18th century,NULL,NULL,14
128,Saint William of Aquitaine (?),Engraving,18th century (?),NULL,NULL,14
129,The Conversion of Saint Paul,Engraving,early 17th–late 17th century,NULL,NULL,14
130,"Portrait of Louis XIII, King of France",Engraving and etching,ca. 1650,NULL,NULL,14
131,"Tiburcio Pérez y Cuervo (1785/86–1841), the Architect",Oil on canvas,1820,NULL,NULL,16
132,Manuel Osorio Manrique de Zuñiga (1784–1792),Oil on canvas,1787–88,NULL,NULL,16
133,"José Costa y Bonells (died l870), Called Pepito",Oil on canvas,ca. 1810,NULL,NULL,16
134,Sebastián Martínez y Pérez (1747–1800),Oil on canvas,1792,NULL,NULL,16
135,Josefa de Castilla Portugal y van Asbrock de Garcini (1775–about 1850),Oil on canvas,1804,NULL,NULL,16
136,"Ignacio Garcini y Queralt (1752–1825), Brigadier of Engineers",Oil on canvas,1804,NULL,NULL,16
187,Salvator Mundi,Oil on linden,ca. 1505,NULL,NULL,19
137,Seated Giant,"Burnished aquatint, scaper, roulette, lavis (along the top of the landscape and within the landscape)",by 1818 (possibly 1814–18),NULL,NULL,16
138,Bullfight in a Divided Ring,Oil on canvas,NULL,NULL,NULL,16
139,Majas on a Balcony,Oil on canvas,ca. 1800–1810,NULL,NULL,16
140,Plate 15 from 'Los Caprichos': Pretty Advice (Bellos consejos),"Etching, aquatint, burin, touches of pen and ink",1799,NULL,NULL,16
141,"Plate 45 from ""Los Caprichos"": There is Plenty to Suck (Mucho hay que chupar)","Etching, burnished aquatint",1799,NULL,NULL,16
142,"Plate 6 from ""La Tauromaquia"": The Moors make a different play in the ring calling the bull with their burnous","Etching, burnished aquatint, drypoint",1816,NULL,NULL,16
143,"Plate 7 from ""Los Caprichos"": Even thus he cannot make her out (Ni asi la distingue)","Etching, aquatint, drypoint",1799,NULL,NULL,16
144,"A radiant female figure beset by dark spirits; page 45 from the ""Images of Spain"" Album (F)","Brush and point of brush, brown and gray washes, over touches or chalk, on laid paper",ca. 1812–20,NULL,NULL,16
145,"Plate 23 from ""Los Caprichos"": These specks of dust (Aquellos polbos)","Etching, burnished aquatint, drypoint, burin",1799,NULL,NULL,16
146,"Plate 44 from ""The Disasters of War"" (Los Desastres de la Guerra): 'I saw it' (Yo lo vi)","Etching, drypoint, burin",1810,NULL,NULL,16
147,"Three acrobats; page 67 from the ""Images of Spain"" Album (F)","Brush and point of brush, brown ink washes, traces of red and black chalk, on laid paper",ca. 1812–20,NULL,NULL,16
148,"A man breaking up a fight; page 82 from the ""Images of Spain"" Album (F)","Brush, brown ink washes, touches of black chalk, on laid paper",ca. 1812–20,NULL,NULL,16
149,"Construction; page 46, from ""Images of Spain"" Album (F)","Brush and gray-brown and irongall wash, with scraping on laid paper",ca. 1812–20,NULL,NULL,16
150,Unholy Union,Brush with Indian ink and wash and traces of pen and ink on laid paper,ca. 1801–3 or ca. 1813–19,NULL,NULL,16
151,"Plate 7 from ""La Tauromaquia"": Origin of the harpoon or banderillas","Etching, burnished aquatint, burin",1816,NULL,NULL,16
152,"God save us from such a bitter fate; a bandit threatening a woman and a child with a knife, page 41 from the ""Black Border Album"" (E)","Brush, carbon black gray ink and was, scraper on laid paper",ca. 1816–20,NULL,NULL,16
153,"Plate 1 from ""La Tauromaquia"": The way in which the ancient Spaniards hunted bulls on horseback in the open country","Etching, aquatint, drypoint",1816,NULL,NULL,16
154,"Plate 66 from ""The Disasters of War"" (Los Desastres de la Guerra): 'Strange devotion!' (Extraña devocion!)","Etching, burnished aquatint and/or lavis, burin, burnisher",1814–15 (published 1863),NULL,NULL,16
155,"Plate 75 from ""The Disasters of War"" (Los Desastres de la Guerra): 'Charlatan's show' (Farándula de charlatanes)","Etching, aquatint or lavis, drypoint and burin",1814–15 (published 1863),NULL,NULL,16
156,"Figures inside a prison (recto), a monstrous animal (verso)","Brush with brown, black wash over red chalk on wove paper",ca. 1820–50 (or later),NULL,NULL,16
157,"Plate 64 from ""Los Caprichos"": Bon voyage (Buen Viage)","Etching, burnished aquatint, burin",1799,NULL,NULL,16
158,"A man and a woman riding a mule; page 36 from the ""Images of Spain"" Album (F)","Brush and point of brush, gray washes, over touches or red chalk, on laid paper",ca. 1812–20,NULL,NULL,16
159,"Plate 65  from ""The Disasters of War"" (Los Desastres de la Guerra): 'What is this hubbub?' (Qué alboroto es este?)","Etching, burnished aquatint and/or lavis, burin, burnisher",1814–15  (published 1863),NULL,NULL,16
160,"Plate 12 from ""La Tauromaquia"": The crowd hamstrings the bull with lances, sickles, banderillas and other arms","Etching, aquatint, drypoint",1816,NULL,NULL,16
161,"Plate 42 from ""Los Caprichos"": Thou who canst not (Tu que no puedes)","Etching, burnished aquatint",1799,NULL,NULL,16
162,"Plate 55 from ""Los Caprichos"": Until death (Hasta la muerte)","Etching, burnished aquatint, drypoint",1799,NULL,NULL,16
163,"Plate 2 from ""The Disasters of War"" (Los Desastres de la Guerra): 'Rightly or wrongly' (Con razon ó sin ella)","Etching, lavis, drypoint, burin, burnisher",1810 (published 1863),NULL,NULL,16
164,"Men hunting; page 105 from the ""Images of Spain"" Album (F)","Brush, brown and gray washes, traces of black chalk on laid paper",ca. 1812–20,NULL,NULL,16
165,"Girl on a swing, a man with his arms raised; folio 21 (recto) from the Madrid Album ""B""","Brush and point of brush, carbon black washes, on laid paper",1795–97,NULL,NULL,16
166,Self-portrait,"Brush and point of brush, carbon black ink, on laid paper",ca. 1796,NULL,NULL,16
167,"A woman pulling at her hair accompanied by a group of figures; page 76 from the ""Images of Spain"" Album (F)","Brush, brown ink washes, traces of black chalk on laid paper",ca. 1812–20,NULL,NULL,16
168,"They are getting drunk; folio 67 (recto) from the Madrid Album ""B""","Brush and point of brush, scraper, carbon black washes, on laid paper",1796–98,NULL,NULL,16
169,"Not [in this case] either (Tampoco), plate 36 from ""The Disasters of War"" (Los Desastres de La Guerra)","Etching, burnished aquatint, drypoint",1810,NULL,NULL,16
170,"Ridiculous Folly, from the 'Disparates' (Follies / Irrationalities)","Etching, aquatint, drypoint",ca. 1815–19 (published 1864),NULL,NULL,16
171,Landscape,"Etching, aquatint",ca. 1807–10,NULL,NULL,16
172,'The custody is as barbarous as the crime' (Tan bárbara la seguridad como el delito),"Etching, burin",ca. 1815 (published after 1867),NULL,NULL,16
173,Battle between Christians and Muslims at El Sotillo,Oil on canvas,ca. 1637–39,NULL,NULL,16
174,Narcisa Barañana de Goicoechea,Oil on canvas,NULL,NULL,NULL,16
175,Saint Benedict,Oil on canvas,ca. 1640–45,NULL,NULL,16
176,The Crucifixion,Oil on canvas,NULL,NULL,NULL,16
177,The Adoration of the Shepherds,Oil on canvas,ca. 1605–10,NULL,NULL,18
178,Cardinal Fernando Niño de Guevara (1541–1609),Oil on canvas,ca. 1600,NULL,NULL,18
179,View of Toledo,Oil on canvas,ca. 1599–1600,NULL,NULL,18
180,Saint Jerome as Scholar,Oil on canvas,ca. 1610,NULL,NULL,18
181,Christ Healing the Blind,Oil on canvas,ca. 1570,NULL,NULL,18
182,The Vision of Saint John,Oil on canvas,ca. 1608–14,NULL,NULL,18
183,Portrait of an Old Man,Oil on canvas,ca. 1595–1600,NULL,NULL,18
184,The Adoration of the Shepherds,Oil on canvas,ca. 1612–14,NULL,NULL,18
185,Saint Andrew,Oil on canvas,ca. 1610,NULL,NULL,18
186,Virgin and Child with Saint Anne,Oil on linden,probably 1519,NULL,NULL,19
188,Head of a Young Woman,Black chalk highlighted with white chalk (abraded) on green prepared paper.,1522,NULL,NULL,19
189,The Holy Family in an Enclosed Garden,Pen and reddish brown ink.,1512,NULL,NULL,19
190,Virgin and Child,Oil on spruce,1516,NULL,NULL,19
191,"Self-portrait, Study of a Hand and a Pillow (recto); Six Studies of Pillows (verso)",Pen and brown ink,1493,NULL,NULL,19
192,Four Horsemen of the Apocalypse,Woodcut,ca. 1497/1498,NULL,NULL,19
193,Samson and Delilah,Pen and black ink with white heightening,1506,NULL,NULL,19
194,The Prodigal Son,Engraving,ca. 1496,NULL,NULL,19
195,Landscape with a Double Spruce,Etching,ca. 1521–22,NULL,NULL,19
196,Knight on Horseback and Landsknecht,"Pen and brown ink, touches of brush and brown wash; fully layed down on  paper backing",1485–1528,NULL,NULL,19
197,The Angel with the Key to Bottomless Pit,Woodcut,1511,NULL,NULL,19
198,Woodblock for Samson Rending the Lion,Pear wood,ca. 1497–98,NULL,NULL,19
199,Music-Making Angels,Pen and brown ink,1521,NULL,NULL,19
200,Erasmus of Rotterdam,Engraving,1526,NULL,NULL,19
201,"Standing Male Nude Holding a Bow (""Poynter Apollo"")",Pen and brown and black ink,1501–3,NULL,NULL,19
202,"Knight, Death, and the Devil",Engraving,1513,NULL,NULL,19
203,"The Four Horsemen, from ""The Apocalypse""",Woodcut,1498,NULL,NULL,19
204,"The Middle Section of the Entryway to the Central Portal, the Columns Decorated by Sirens and Sleeping Soldiers Behind, from the Arch of Honor, proof, dated 1515, printed 1517-18",Woodcut,1515,NULL,NULL,19
205,Embroidery Pattern with Seven Six-pointed Stars and Four Corner Pieces,Woodcut,before 1521,NULL,NULL,19
206,Embroidery Pattern with an Oblong Panel in its Center,Woodcut,before 1521,NULL,NULL,19
207,Embroidery Pattern with an Amazon Shield in its Center,Woodcut,before 1521,NULL,NULL,19
208,Embroidery Pattern with Round Medallion in its Center,Woodcut,before 1521,NULL,NULL,19
209,“The Sixth Knot”. Interlaced Roundel with Seven Wreaths,Woodcut,before 1521,NULL,NULL,19
210,Embroidery Pattern with an Oblong Panel in its Center,Woodcut,1521 before,NULL,NULL,19
211,“The Third Knot”. Interlaced Roundel with Eight Wreaths and a Scalloped Shield in its Center,Woodcut,1521 before,NULL,NULL,19
212,“The Fifth Knot”. Interlaced Roundel with Seven Six-pointed Stars,Woodcut,1521 before,NULL,NULL,19
213,Embroidery Pattern with Seven Six-pointed Stars and Four Corner Pieces,Woodcut,before 1521,NULL,NULL,19
214,“The Sixth Knot”. Interlaced Roundel with Seven Wreaths,Woodcut,1521 before,NULL,NULL,19
215,“The Fourth Knot”. Interlaced Roundel with a Round Medallion in its Center,Woodcut,1521 before,NULL,NULL,19
216,“The First Knot”. Interlaced Roundel with an Oblong Panel in its Center,Woodcut,1521 before,NULL,NULL,19
217,“The Second Knot”. Interlaced Roundel with an Amazon Shield in its Center,Woodcut,1521 before,NULL,NULL,19
218,Embroidery  Pattern with Seven Wreaths and Four Corner Pieces,Woodcut,before 1521,NULL,NULL,19
219,"The Upper Section of the Entryway to the Central Portal with a Winged Figure Holding the Imperial Crown, from the Arch of Honor, proof, dated 1515, printed 1517-18",Woodcut and letterpress,1515,NULL,NULL,19
220,"“The Fourth Knot”, Interlaced Roundel with a Round Medallion in its Center",Woodcut,before 1521,NULL,NULL,19
221,"The Betrothal of Mary of Burgundy; Young Maximilian; The Struggle for the Burgundian Succession; The Battle Near Therouanne; The War in Guelderland; and The Utrecht Feud, from the Arch of Honor, proof, dated 1515, printed 1517-18",Woodcut and letterpress,1515,NULL,NULL,19
222,Facsimile of Albrecht Dürer’s Third Knot,Lithograph on handmade paper,1865,NULL,NULL,19
223,"The Upper Section of the Left Portal, with the Inscription on a Lion Skin; a Frieze with Busts of Roman Emperors; and  Entablature of the Columns, from the Arch of Honor, proof, dated 1515, printed 1517-18",Woodcut; proof,1515,NULL,NULL,19
224,"The Pinnacle of the Left Portal; and a Trumpeter and Standard from the Cupola of the Central Portal, from the Arch of Honor, proof, dated 1515, printed 1517-18",Woodcut,1515,NULL,NULL,19
225,Saint John and Anthony in a Landscape,Etching,ca. 1544–45,NULL,NULL,19
226,"Lower Portion of the Entryway to the Right Portal (Die Porten des Adels); and the Outer Right Sockel of the Central Portal, from the Arch of Honor, proof, dated 1515, printed 1517-18",Woodcut,1515,NULL,NULL,19
227,"The Arch in the Entryway of the Right Portal (Die Porten des Adels); and the Outer Right Column of the Central Portal, from the Arch of Honor, proof, dated 1515, printed 1517-18",Woodcut and letterpress,1515,NULL,NULL,19
228,The Ascension,"Wool, silk, silver-gilt, silver thread (18-19 warps per inch, 7-8 per cm.)",1540–45,NULL,NULL,19
229,"The Ornaments Atop the Left Portal, from the Arch of Honor, proof, dated 1515, printed 1517-18",Woodcut,1515,NULL,NULL,19
230,"Maximilian's Prowess in the Chase; and The Legend of the Holy Coat of Treves; with Portraits of Emperors and Kings (Maximilian's Forerunners), from the Arch of Honor, proof, dated 1515, printed 1517-18",Woodcut and letterpress,1517/1518,NULL,NULL,19
231,"Maximilian as Commander-in-Chief; and Maximilian Conversing in Seven Languages; with Portraits of Emperors and Kings (Maximilian's Forerunners), from the Arch of Honor, proof, dated 1515, printed 1517-18",Woodcut and letterpress,1515,NULL,NULL,19
232,"Maximilian as Founder and Protector of the Order of St. George; and Maximilian and the Knights of St. George Vowing a Crusade Against the Turks; with Portraits of Emperors and Kings (Maximilian's Forerunners), from the Arch of Honor, proof, dated 1515, printed 1517-18",Woodcut and letterpress,1515,NULL,NULL,19
233,"The First Flemish Rebellion; The Campaign Against Liège; The Coronation of Maximilian; The Second Flemish Rebellion; The Alliance Between Philip I of Castile and Henry VII; The Victory Against France, from the Arch of Honor, proof, dated 1515, printed 1517-18",Woodcut and letterpress,1515,NULL,NULL,19
234,"The Lower Portion of the Entryway to the Left Portal (Die Porten des Lobs); and the Outer Left Sockel of the Central Portal, from the Arch of Honor, proof, dated 1515, printed 1517-18",Woodcut,1515,NULL,NULL,19
235,The Last Supper,"Wool, silk, silver-gilt, silver thread (18-19 warps per inch, 7-8 per cm.)",1540–45,NULL,NULL,19
236,View of Marly-le-Roi from Coeur-Volant,Oil on canvas,1876,NULL,NULL,20
237,The Road from Versailles to Louveciennes,Oil on canvas,probably 1879,NULL,NULL,20
238,Sahurs Meadows in Morning Sun,Oil on canvas,1894,NULL,NULL,20
239,Rue Eugène Moussoir at Moret: Winter,Oil on canvas,1891,NULL,NULL,20
240,The Road from Moret to Saint-Mammès,Oil on canvas,1883–85,NULL,NULL,20
241,The Harvesters,Oil on wood,1565,NULL,NULL,21
242,The Dirty Bride or The Wedding of Mopsus and Nisa,Pen and black-brown ink on white-prepared partially carved block of applewood,ca. 1566,NULL,NULL,21
243,The Dirty Bride or the Marriage of Mopsus and Nisa,Engraving; first state of four,1570,NULL,NULL,21
244,The Wild Man or the Masquerade of Orson and Valentine,Woodcut,1566,NULL,NULL,21
245,"Sloth (Desidia), from ""The Seven Deadly Sins""",Engraving,1558,NULL,NULL,21
246,"Summer (Aestas), from ""The Seasons""",Engraving; first state of two,1570,NULL,NULL,21
247,Big Fish Eat Little Fish,Engraving; first state of four,1557,NULL,NULL,21
248,"Seated Man, Precariously Balanced, Playing Bagpipes",Pen and brown ink,16th century,NULL,NULL,21
249,The Stone Operation or the Witch of Mallegem,Engraving; third state of five,1559,NULL,NULL,21
250,The Land of Cockaigne,Engraving; first state of three,after 1570?,NULL,NULL,21
251,The Temptation of Saint Anthony,Oil on oak,NULL,NULL,NULL,21
252,The Adoration of the Magi,"Tempera on wood, gold ground",possibly ca. 1320,NULL,NULL,23
253,Saint Anthony of Padua,"Tempera on wood, gold ground",ca. 1340,NULL,NULL,23
254,"Death of St. Francis, after Giotto, upper Church San Francesco, Assisi","Pen and black ink, brush and gray wash",late 18th–mid-19th century,NULL,NULL,23
255,"Free Copy of Giotto's ""Navicella"" (recto); Copy of Adam in Masaccio's ""Expulsion from the Garden of Eden"", and other Figure Studies (verso)","Pen and brown ink (recto and verso). glued onto a secondary backing sheet of paper drawn in pen and brown ink, over black chalk",ca. 1420,NULL,NULL,23
256,"Giotto and Cimabue, from ""L'Artiste""",Lithograph,"July 7, 1844",NULL,NULL,23
257,Scenes from the Life of Christ,"Tempera on canvas, transferred from wood, gold ground",mid-1340s,NULL,NULL,23
258,Madonna and Child Enthroned with Saints,"Tempera on wood, gold ground","ca. 1340, updated ca. 1480",NULL,NULL,23
259,Saint Zenobius Resuscitating a Dead Child,Tempera on wood,NULL,NULL,NULL,24
260,The Denial of Saint Peter,Oil on canvas,1610,NULL,NULL,25
261,The Musicians,Oil on canvas,1597,NULL,NULL,25
262,Christ on the Cross,Oil on wood,ca. 1615–20,NULL,NULL,25
263,"Title page depicting a two-handled base with dancing nymphs, from Antique Vases (Vasa a Polidoro Caravagino)",Etching and engraving; second state of three (Bartsch),1605,NULL,NULL,25
264,"A Winged Figure, two Women, and a Man","Pen and brown ink, brush and brown and gray wash, heightened with white on blue paper.",early–mid-16th century,NULL,NULL,25
265,"Design for a Crucifix with the Virgin Mary, Saint Mary Magdalen, and Saint John","Pen and brown ink, brush and brown wash, over traces of black chalk",n.d.,NULL,NULL,25
266,The Holy Family with Saint Elizabeth and the Infant John the Baptist,"Pen and brown ink, brush and brown and grayish brown wash over black chalk with white heightening, traces of squaring in pen and brown ink (especially evident at lower right and lower left).",1520–25,NULL,NULL,25
267,"Studies for an Altarpiece with the Virgin Enthroned, Attended by Four Saints (recto); Various Figure Studies, Some Possibly for a Deposition of Christ (verso)","Pen and brown ink, some brush and brown wash",1530–35,NULL,NULL,25
268,Moses at right telling the Israelites to gather the manna and at left Moses striking the rock,Engraving,1546,NULL,NULL,25
269,The Adoration of the Shepherds,Engraving,1569,NULL,NULL,25
270,The Adoration of the Shepherds,Engraving,1569,NULL,NULL,25
271,The Adoration of the Shepherds,Engraving,1569,NULL,NULL,25
272,The Adoration of the Shepherds,Engraving,1569,NULL,NULL,25
273,Group of Roman Figures,Etching,ca. 1542–45,NULL,NULL,25
274,The Entombment of Christ,Engraving,1817,NULL,NULL,25
275,The Entombment,Engraving,1772–1824,NULL,NULL,25
276,Study after Caravaggio's 'The Cardsharps' with color notes,"Pen and brown ink, brush and brown wash with white heightening",1600–1700,NULL,NULL,25
277,Cloelia on horseback crossing the Tiber,Engraving,ca. 1540–60,NULL,NULL,25
278,Saint Joseph at left and a bishop at right standing before the altar of the Virgin and Christ Child,Engraving,ca. 1515–27,NULL,NULL,25
279,"Naval Battle, from ""Speculum Romanae Magnificentiae""",Etching and engraving,16th century,NULL,NULL,25
280,"Ajax lower left holding a shield aloft, at the right stands Agamemnon surrounded by his soldiers",Chiaroscuro woodcut from three blocks in gray,1540–50,NULL,NULL,25
281,Moses Telling the Israelites to Gather the Manna and Moses Striking the Rock,Engraving,NULL,NULL,NULL,25
282,Two Terms,Engraving,1538,NULL,NULL,25
283,"Caius Marius in Prison, two Cimbrian soldiers entering his cell",Engraving,1560–69,NULL,NULL,25
284,Caius Marius in prison; two Cimbrian soldiers entering his cell,Engraving,1560–70,NULL,NULL,25
285,"Pluto; on verso sketches of a figure, four heads, and a column",Engraving; sketches in red chalk on verso,1592,NULL,NULL,25
286,"Portrait of Caravaggio, turned to the right and looking at his reflection in a mirror",Etching,1707–41,NULL,NULL,25
287,Female figure standing in the right-hand margin of the third sheet of the Rape of the Sabine Women,Engraving,1570–1615,NULL,NULL,25
288,"Neptune standing in a niche holding a trident in his left hand, foliage in his right",Engraving; second state of two (Bartsch),1570–1615,NULL,NULL,25
289,"Two seated angels, arms around one another, the one on the left looking down at a song book, from The Angels' Concert",Engraving,1583,NULL,NULL,25
290,The Triumph of Two Roman Emperors (left-hand side) with a Roman Emperor riding in a triumphal chariot,Engraving,1570–1615,NULL,NULL,25
291,"Vase with a monster at center, two cornucopias, and two flanking winged female figures",Engraving,1565–1615,NULL,NULL,25
292,"Statue of Niobe and her Worshippers, with Apollo and Diana and other Figures, after Polidoro da Caravaggio",Etching,1543–47,NULL,NULL,25
293,"Statue of Niobe and her Worshippers, with Apollo and Diana and other Figures, after Polidoro da Caravaggio",Etching,1543–47,NULL,NULL,25
350,A variety of heads,Etching; second state of two,1645,NULL,NULL,26
294,The Adoration of the Shepherds with the Christ Child at center and angels above,Engraving; proof before letters,1570–1600,NULL,NULL,25
295,Roman Galley,"Pen and brown ink, brown wash",16th century,NULL,NULL,25
296,Perseus in the Garden of the Hesperides,Engraving,1628,NULL,NULL,25
297,"The taking of the Golden Apples, from Perseus and the Golden Apples",Engraving,1570–1615,NULL,NULL,25
298,"Perseus changing Atlas into a mountan with the head of Medusa, from Perseus and the Golden Apples",Engraving,1570–1615,NULL,NULL,25
299,"Portrait of Caravaggio, turned to the right and looking at his reflection in a mirror",Etching,1707–41,NULL,NULL,25
300,Phalaris Having Perillus Thrown into the Bronze Bull,Etching with engraving; second state of three,17th century,NULL,NULL,25
301,"Winged genius seated on a cloud, sounding a trumpet with his left hand extended upwards",Engraving,1628,NULL,NULL,25
302,The Israelites fleeing Egypt with Moses at right extending his right hand and with a woman carrying an urn prostrate before him,Engraving,1576,NULL,NULL,25
303,The Creation of Adam who reclines at left and touching the hand of God,Engraving,1570–1615,NULL,NULL,25
304,"The Triumph of Two Roman Emperors (left-hand side) with soldiers on horseback and men, women, and children fleeing",Engraving,1570–1615,NULL,NULL,25
305,Moses striking the Rock,Engraving,1530–50,NULL,NULL,25
306,The Sacrifice of Isaac set in a landscape with a flock of sheep at left and an angel guiding Abraham's sword at upper left,Engraving,1570–1615,NULL,NULL,25
307,The Expulsion from Paradise with an Angel wielding a sword behind Adam and Eve,Engraving,1570–1615,NULL,NULL,25
308,Two putti draped with a garland the one at right holding a mask,Engraving,1596,NULL,NULL,25
309,"Jupiter, seated above two eagles and embracing Cupid, a round composition from a series of mythological scenes after Polidoro da Caravaggio",Engraving,ca. 1590,NULL,NULL,25
310,A Bear Walking,silverpoint on light buff prepared paper,ca. 1482–85,NULL,NULL,26
311,The Head of the Virgin in Three-Quarter View Facing Right,"Black chalk, charcoal, and red chalk, with some traces of white chalk (?); some remains of framing lines in pen and brown ink at upper right (not by Leonardo)",1510–13,NULL,NULL,26
312,"Compositional Sketches for the Virgin Adoring the Christ Child, with and without the Infant St. John the Baptist; Diagram of a Perspectival Projection (recto); Slight Doodles (verso)","Silverpoint, partly reworked by the artist with pen and dark brown ink on pink prepared paper; lines ruled with metalpoint (recto); pen and brown ink (verso)",1480–85,NULL,NULL,26
313,"The Last Supper, after Leonardo da Vinci",Red chalk,1634–35,NULL,NULL,26
314,Allegory on the Fidelity of the Lizard (recto); Design for a Stage Setting (verso),Pen and brown ink (recto and verso),1496,NULL,NULL,26
315,Head of a Man in Profile Facing to the Left,"Pen and brown ink, over soft black chalk",1490–94,NULL,NULL,26
316,"Bust of a man with a small turned-up nose and very high upper lip, wearing hood, in profile to the left",Etching; only state,1666,NULL,NULL,26
317,Two Deformed Heads Facing Inwards,Etching,1645,NULL,NULL,26
318,Two Deformed Heads Facing Inwards,Etching,ca. 1654,NULL,NULL,26
319,Two Deformed Heads Facing Inwards,Etching,ca. 1645,NULL,NULL,26
320,Three Heads in Profile,Etching,1645,NULL,NULL,26
321,Twelve Heads,Etching; second state of two,ca. 1645,NULL,NULL,26
322,Two Deformed Heads Facing Inwards,Etching,ca. 1645,NULL,NULL,26
323,Portrait of a Young Man,Oil on wood,ca. 1470,NULL,NULL,26
324,Head studies,Etching; second state of two; later printing,1645,NULL,NULL,26
325,Two Deformed Heads with Very Long Upper Lips,Etching,ca. 1645,NULL,NULL,26
326,The Rape of Ganymede,"Bronze, remains of gilding",16th century,NULL,NULL,26
327,Embroidery Pattern with Seven Six-pointed Stars and Four Corner Pieces,Woodcut,before 1521,NULL,NULL,26
328,Embroidery Pattern with an Amazon Shield in its Center,Woodcut,before 1521,NULL,NULL,26
329,Embroidery Pattern with Round Medallion in its Center,Woodcut,before 1521,NULL,NULL,26
330,Embroidery Pattern with an Oblong Panel in its Center,Woodcut,1521 before,NULL,NULL,26
331,“The Sixth Knot”. Interlaced Roundel with Seven Wreaths,Woodcut,before 1521,NULL,NULL,26
332,Rex et Regina de Tunis,Etching; second state of two; later impression,1645,NULL,NULL,26
333,“The Third Knot”. Interlaced Roundel with Eight Wreaths and a Scalloped Shield in its Center,Woodcut,1521 before,NULL,NULL,26
334,“The Fifth Knot”. Interlaced Roundel with Seven Six-pointed Stars,Woodcut,1521 before,NULL,NULL,26
335,“The Fourth Knot”. Interlaced Roundel with a Round Medallion in its Center,Woodcut,1521 before,NULL,NULL,26
336,“The First Knot”. Interlaced Roundel with an Oblong Panel in its Center,Woodcut,1521 before,NULL,NULL,26
337,“The Second Knot”. Interlaced Roundel with an Amazon Shield in its Center,Woodcut,1521 before,NULL,NULL,26
338,Embroidery Pattern with Seven Six-pointed Stars and Four Corner Pieces,Woodcut,before 1521,NULL,NULL,26
339,“The Sixth Knot”. Interlaced Roundel with Seven Wreaths,Woodcut,1521 before,NULL,NULL,26
340,Embroidery Pattern with an Oblong Panel in its Center,Woodcut,before 1521,NULL,NULL,26
341,Embroidery  Pattern with Seven Wreaths and Four Corner Pieces,Woodcut,before 1521,NULL,NULL,26
342,"Portrait of Leonardo da Vinci, from ""Characaturas by Leonardo da Vinci, from Drawings by Wincelslaus Hollar, out of the Portland Museum""",Aquatint and etching,1786,NULL,NULL,26
343,The Death of Leonardo da Vinci,Etching and engraving,ca. 1825,NULL,NULL,26
344,"Bust of elderly man with nose that meets his lower  lip, wearing wide flat cap in profile to left",Etching; only state,1665,NULL,NULL,26
345,Bust of a deformed woman with conical hat and two dangling plaits in profile to left,Etching; only state,1665,NULL,NULL,26
346,"Bust of a deformed man with a hat and a fat, protruding lower lip in profile to left",Etching; only state,1665,NULL,NULL,26
347,A large man with a bald head facing a grotesque female,Etching; second state of two,1645,NULL,NULL,26
348,The King and Queen of Tunis (Rex et Regina de Tunis),Etching,ca. 1645,NULL,NULL,26
349,"Title Page, Divers Anticke Faces",Etching; second state of two (NH),1677,NULL,NULL,26
351,"Title-page to ""Varie Figuræ & Probæ""",Etching; first state of two,1645,NULL,NULL,26
352,"“The Fourth Knot”, Interlaced Roundel with a Round Medallion in its Center",Woodcut,before 1521,NULL,NULL,26
353,Row of three heads in profile to left,Etching; second state of two,1645,NULL,NULL,26
354,Two deformed heads facing each other,Etching; third state of three,1645,NULL,NULL,26
355,Madonna and Child Enthroned with Saints,Oil and gold on wood,ca. 1504,NULL,NULL,26
356,Characters and Caricaturas,Etching; second state of two,April 1743,NULL,NULL,26
357,"Bust of a man with a flat nose and protruding mouth, wearing flat cap and buttoned coat in profile to right",Etching; only state,1660,NULL,NULL,26
358,Two deformed heads facing inwards,Etching; second state of two,1645,NULL,NULL,26
359,Two deformed heads facing each other,Etching; second state of two,1645,NULL,NULL,26
360,The Supper at Emmaus,Oil on canvas,1622–23,NULL,NULL,27
361,Juan de Pareja (ca. 1608–1670),Oil on canvas,1650,NULL,NULL,27
362,"Portrait of a Man, Possibly a Self-Portrait",Oil on canvas,ca. 1635,NULL,NULL,27
363,"María Teresa (1638–1683), Infanta of Spain",Oil on canvas,1651–54,NULL,NULL,27
364,"Philip IV (1605–1665), King of Spain",Oil on canvas,probably 1624,NULL,NULL,27
365,"The Surrender at Breda or 'Las Lanzas' (The Lances), after Velázquez",Etching on wove paper,1876,NULL,NULL,27
366,"The Fable of Aracne, or 'The Spinners', after Velázquez",Etching on wove paper,1870,NULL,NULL,27
367,Landscape,Watercolor and crayon on paper,ca. 1904,NULL,NULL,28
368,The Crucifixion; The Last Judgment,"Oil on canvas, transferred from wood",ca. 1436–38,NULL,NULL,29
369,Virgin and Child in a Niche,Oil on wood,ca. 1440–50,NULL,NULL,29
370,The Crucifixion with Saints and a Donor,Oil on wood,ca. 1520,NULL,NULL,29
371,Virgin and Child,Oil on wood,ca. 1525,NULL,NULL,29
372,Virgin and Child with Four Angels,Oil on wood,ca. 1510–15,NULL,NULL,29
373,"Francesco d'Este (born ca. 1429, died after 1486)",Oil on wood,ca. 1460,NULL,NULL,29
374,Moses and Aaron before Pharaoh: An Allegory of the Dinteville Family,Oil on wood,1537,NULL,NULL,29
375,Portrait of a Carthusian,Oil on wood,1446,NULL,NULL,29
376,Man in a Turban,Oil on canvas,1632,NULL,NULL,29
377,"Jacob Willemsz van Veen (1456–1535), the Artist's Father",Oil on wood,1532,NULL,NULL,29
378,The Penitence of Saint Jerome,Oil on wood,ca. 1515,NULL,NULL,29
379,The Holy Family,Oil on wood,ca. 1512–13,NULL,NULL,29
380,Anna van Bergen (1492–1541) and Her Son Hendrik (born 1519) as the Virgin and Child,Oil on wood,NULL,NULL,NULL,29
381,View of an Italian Coastal Village with Boats Landing on a Beach,"Pen and brown ink, brush and gray wash (gray wash added at a later date?)",mid-17th century,NULL,NULL,29
382,Saint Paul,"Pen and brown ink, point of the brush and brown ink, with purple and gold heightening in the hilt of the sword, on vellum",ca. 1430,NULL,NULL,29
383,The Adoration of the Magi,Distemper on canvas,1472–74,NULL,NULL,29
384,Saint John the Baptist; Saint Francis Receiving the Stigmata,Oil on wood,ca. 1485–90,NULL,NULL,29
385,Head of a Donor,Oil on wood,ca. 1465–70,NULL,NULL,29
386,The Annunciation,Oil on wood,ca. 1465–70,NULL,NULL,29
387,The Last Judgment,Oil on wood,ca. 1525–30,NULL,NULL,29
388,Man in Prayer,Oil on wood,ca. 1440,NULL,NULL,29
389,The Rest on the Flight into Egypt,Oil on wood,ca. 1512–15,NULL,NULL,29
390,The Annunciation,Oil on wood,ca. 1525,NULL,NULL,29
391,Portrait of an Old Man,"Oil on paper, laid down on wood",ca. 1470–75,NULL,NULL,29
392,Virgin and Child with Angels,Oil on wood,ca. 1518,NULL,NULL,29
393,The Crucifixion,Oil on wood,ca. 1495,NULL,NULL,29
394,"Saint Barbara, Seated Before her Tower","Etching, drypoint, and soft-ground etching",1769,NULL,NULL,29
395,"Virgin and Child in a Church, also known as the Van Maelbeke Virgin",Engraving,1575–85,NULL,NULL,29
396,A Benedictine Monk,Oil on wood,NULL,NULL,NULL,29
397,The Annunciation,"Oil on panel, transferred to canvas",1480–89,NULL,NULL,29
398,Portrait of a Man,Oil on wood,ca. 1475,NULL,NULL,29
399,"Mary (1505–1558), Queen of Hungary",Oil on wood,NULL,NULL,NULL,29
400,Portrait of a Woman,Oil on oak panel,ca. 1470–80,NULL,NULL,29
401,Christ Shown to the People,Oil on wood,1510–15,NULL,NULL,29
402,Head of Christ (Ecce Homo),"Oil on parchment, laid down on wood",ca. 1445,NULL,NULL,29
403,The Holy Family,Oil on oak panel,possibly 1527–33,NULL,NULL,29
404,Hendrickje Stoffels (1626–1663),Oil on canvas,mid-1650s,NULL,NULL,29
405,Christ Bearing the Cross,Oil on wood,NULL,NULL,NULL,29
406,The Adoration of the Christ Child,Oil on wood,NULL,NULL,NULL,29
407,The Adoration of the Magi,Oil on wood,1526,NULL,NULL,29
408,The Annunciation,Oil on wood,1506,NULL,NULL,29
409,Portrait of a Young Man,Oil on wood,ca. 1470,NULL,NULL,29
410,The Fifteen Mysteries and the Virgin of the Rosary,Oil on wood,ca. 1515–20,NULL,NULL,29
411,The Annunciation,Oil on wood,ca. 1445,NULL,NULL,29
412,Virgin and Child,Oil on wood,ca. 1480–90,NULL,NULL,29
413,Portrait of a Man with a Rosary,Oil on wood,1545,NULL,NULL,29
414,Salvator Mundi,Oil on wood,1480–85,NULL,NULL,29
415,Saint Christopher and the Infant Christ,Oil on oak panel,After 1485,NULL,NULL,29
416,"The Belles Heures of Jean de France, duc de Berry","Tempera, gold, and ink on vellum",1405–1408/1409,NULL,NULL,29
417,"Jan (1438/41–1516), First Count of Egmond; Magdalena, Countess of Egmond (1464–1538)","Oil on canvas, transferred from wood (.122, the Count); oil on wood (.118, the Countess)",NULL,NULL,NULL,29
418,At the Milliner's,"Pastel on pale gray wove paper (industrial wrapping paper), laid down on silk bolting",1882,NULL,NULL,30
419,Woman Having Her Hair Combed,"Pastel on light green wove paper, now discolored to warm gray, affixed to original pulpboard mount",ca. 1886–88,NULL,NULL,30
420,The Collector of Prints,Oil on canvas,1866,NULL,NULL,30
421,Sulking,Oil on canvas,ca. 1870,NULL,NULL,30
422,James-Jacques-Joseph Tissot (1836–1902),Oil on canvas,ca. 1867–68,NULL,NULL,30
423,The Dance Lesson,"Pastel and black chalk on three pieces of wove paper, joined together",ca. 1879,NULL,NULL,30
424,Dancers Practicing at the Barre,Mixed media on canvas,1877,NULL,NULL,30
425,A Woman Seated beside a Vase of Flowers (Madame Paul Valpinçon?),Oil on canvas,1865,NULL,NULL,30
426,The Rehearsal of the Ballet Onstage,"Oil colors freely mixed with turpentine, with traces of watercolor and pastel over pen-and-ink drawing on cream-colored wove paper, laid down on bristol board and mounted on canvas",ca. 1874,NULL,NULL,30
427,Dancer with a Fan,Pastel on gray-green laid paper,ca. 1880,NULL,NULL,30
428,Dancer in Ukrainian Dress,Pastel over charcoal on tracing paper,1899,NULL,NULL,30
429,The Dance Class,Oil on canvas,1874,NULL,NULL,30
430,The Dancing Class,Oil on wood,ca. 1870,NULL,NULL,30
431,Woman Combing Her Hair,"Pastel on light green wove paper, now discolored to warm gray, affixed to original pulpboard mount",ca. 1888–90,NULL,NULL,30
432,Woman with a Towel,Pastel on cream-colored wove paper with red and blue fibers throughout,1894 or 1898,NULL,NULL,30
433,Woman Drying Her Foot,"Pastel on buff wove paper, affixed to original pulpboard mount",1885–86,NULL,NULL,30
434,Dancer with a Fan,Pastel and charcoal on buff-colored wove tracing paper,ca. 1890–95,NULL,NULL,30
435,The Milliner,"Pastel and charcoal on warm gray wove paper, now discolored to buff (watermark MICHALLET), laid down on dark brown wove paper",ca. 1882,NULL,NULL,30
436,A Woman Ironing,Oil on canvas,1873,NULL,NULL,30
437,At the Milliner's,"Pastel on five pieces of wove paper, backed with paper, and laid down on canvas",1881,NULL,NULL,30
438,The Rehearsal Onstage,"Pastel over brush-and-ink drawing on thin cream-colored wove paper, laid down on bristol board and mounted on canvas",ca. 1874,NULL,NULL,30
439,"The Ballet from ""Robert le Diable""",Oil on canvas,1871,NULL,NULL,30
440,Young Woman with Ibis,Oil on canvas,1857–58; reworked 1860–62,NULL,NULL,30
441,"Dancers, Pink and Green",Oil on canvas,ca. 1890,NULL,NULL,30
442,Dancers in the Rehearsal Room with a Double Bass,Oil on canvas,ca. 1882–85,NULL,NULL,30
443,"Madame Théodore Gobillard (Yves Morisot, 1838–1893)",Oil on canvas,1869,NULL,NULL,30
444,"The Artist's Cousin, Probably Mrs. William Bell (Mathilde Musson, 1841–1878)","Pastel on green wove paper, now darkened to brown",1873,NULL,NULL,30
445,Fan Mount: Dancers,Watercolor and metallic paint on silk,1879,NULL,NULL,30
446,Fan Mount: The Ballet,Watercolor and metallic paint on silk,1879,NULL,NULL,30
447,Woman Getting out of the Bath,Bronze,"modeled probably ca. 1890 or later, cast 1920",NULL,NULL,30
448,Woman Washing Her Left Leg (Second State),Bronze,"modeled perhaps ca. 1883–86 or later, cast 1920",NULL,NULL,30
449,Horse Galloping on Right Foot,Bronze,"modeled probably after 1887 or 1889, cast 1920",NULL,NULL,30
450,Woman Seated in Armchair Wiping Her Left Armpit,Bronze,"modeled probably ca. 1895, cast 1920",NULL,NULL,30
451,Dancer in the Role of Harlequin,Bronze,"modeled probably ca. 1884–85, cast 1920",NULL,NULL,30
452,Woman Putting on a Stocking,Bronze,1895–1910,NULL,NULL,30
453,Dancers in Ukrainian Dress,"Charcoal and pastel, on tracing paper, mounted on cardboard",1899,NULL,NULL,30
454,Youth with Arms Upraised,Black chalk over pencil on fine beige paper,1859–60 or 1861–62,NULL,NULL,30
455,[Self-Portrait in Library (Hand to Chin)],Gelatin silver print,probably 1895,NULL,NULL,30
456,Dancer,"Pastel on paper, laid down on board",1880–85,NULL,NULL,30
457,Two Men,Oil on wood,ca. 1865–69,NULL,NULL,30
458,Leaving the Bath,Drypoint and aquatint on wove paper; fifteenth state of twenty-two or more states,1879–80,NULL,NULL,30
459,The Dancers,Pastel and charcoal on paper,NULL,NULL,NULL,30
460,The Bath,Charcoal and pastel on heavy wove paper,1895 or before,NULL,NULL,30
461,Leaving the Bath,"Drypoint and aquatint on laid paper; twelfth state of twenty-two, or more states",1879–80,NULL,NULL,30
462,Woman Bathing in a Shallow Tub,"Charcoal and pastel on light green wove paper, now discolored to warm gray, laid down on silk bolting",1885,NULL,NULL,30
463,Male Nude,Oil on canvas,1856,NULL,NULL,30
464,Young Woman with Her Hand over Her Mouth,Oil colors freely mixed with turpentine on canvas,ca. 1875,NULL,NULL,30
465,Landscape,Monotype,ca. 1877–79,NULL,NULL,30
466,The Fireside,Monotype in black ink on white heavy laid paper,ca. 1876–77,NULL,NULL,30
467,Bather Drying Herself,"Charcoal and pastel, heightened with white chalk, on tracing paper (mounted on cardboard)",ca. 1892,NULL,NULL,30
468,Portrait of Gerard de Lairesse,Oil on canvas,1665–67,NULL,NULL,31
469,Aristotle with a Bust of Homer,Oil on canvas,1653,NULL,NULL,31
470,Self-Portrait,Oil on canvas,1660,NULL,NULL,31
471,Man in a Turban,Oil on canvas,1632,NULL,NULL,31
472,Herman Doomer (ca. 1595–1650),Oil on wood,1640,NULL,NULL,31
473,Michael Angelo and Emma Clara Peale,Oil on canvas,ca. 1826,NULL,NULL,31
474,"The Last Supper, after Leonardo da Vinci",Red chalk,1634–35,NULL,NULL,31
475,Satire on Art Criticism,Pen and brown ink corrected with white.,1644,NULL,NULL,31
476,Cottage near the Entrance to a Wood,"Pen and inks ranging from light to dark brown, brown washes, corrected in white (oxidized, partially abraded), and touches of red chalk (in added structures to the left of the main cottage).",1644,NULL,NULL,31
477,Flora,Oil on canvas,ca. 1654,NULL,NULL,31
478,"Portrait of a Man (""The Auctioneer"")",Oil on canvas,probably ca. 1658–62,NULL,NULL,31
479,Reclining Female Nude,"Etching, drypoint, and engraving on japan paper; second of six states",1658,NULL,NULL,31
480,Christ Crucified between the Two Thieves: The Three Crosses,Drypoint printed on vellum,1653,NULL,NULL,31
481,Cottage among Trees,"Pen and brown ink, brush and brown wash, on paper washed with brown",ca. 1650,NULL,NULL,31
482,Portrait of a Woman,Oil on wood,1633,NULL,NULL,31
483,Bellona,Oil on canvas,1633,NULL,NULL,31
484,The Toilet of Bathsheba,Oil on wood,1643,NULL,NULL,31
485,"Portrait of a Woman, probably a Member of the Van Beresteyn Family",Oil on canvas,1632,NULL,NULL,31
486,"Portrait of a Man, probably a Member of the Van Beresteyn Family",Oil on canvas,1632,NULL,NULL,31
487,Hendrickje Stoffels (1626–1663),Oil on canvas,mid-1650s,NULL,NULL,31
488,Man with a Magnifying Glass,Oil on canvas,early 1660s,NULL,NULL,31
489,Woman with a Pink,Oil on canvas,early 1660s,NULL,NULL,31
490,"The Standard Bearer (Floris Soop, 1604–1657)",Oil on canvas,1654,NULL,NULL,31
491,Portrait of a Young Woman with a Fan,Oil on canvas,1633,NULL,NULL,31
492,The Marquis de Lafayette,Oil on canvas,1825,NULL,NULL,31
493,L'œuvre complet de Rembrandt : catalogue raisonné de toutes les eaux-fortes du maître et de ses peintures,NULL,1859–1861,NULL,NULL,31
494,Elsje Christiaens Hanging on a Gibbet,"Pen and brown ink, brush and grayish brown wash on heavy brownish paper",1664,NULL,NULL,31
495,Self-Portrait,"Pen and brown ink, brush and brown and gray ink, brown and gray washes.",1635–40,NULL,NULL,31
496,Old Man Leaning on a Stick,Pen and brown ink,1632–35,NULL,NULL,31
497,Two Cottages,"Pen and brown ink (gallnut ink, possibly only partially), corrected with white chalk and/or body color.",ca. 1636,NULL,NULL,31
498,"The Old Bearded Man in a High Fur Cap, with Eyes Closed",Etching,ca. 1635,NULL,NULL,31
499,Portrait of a Man,Oil on wood,1632,NULL,NULL,31
500,Portrait of a Man Holding Gloves,Oil on wood,1648,NULL,NULL,31
501,Portrait of a Man,Oil on canvas,ca. 1655–60,NULL,NULL,31
502,"Lieven Willemsz van Coppenol (born about 1599, died 1671 or later)",Oil on oak,NULL,NULL,NULL,31
503,A Young Man,Pen and brush in brown ink; the verso printed in brown.,1635,NULL,NULL,31
504,Martha Washington,Oil on canvas,ca. 1850,NULL,NULL,31
505,John Johnston,Oil on canvas,1826–29,NULL,NULL,31
506,George Washington,Oil on canvas,ca. 1846,NULL,NULL,31
507,George Washington,Oil on canvas,ca. 1846,NULL,NULL,31
508,Abraham Casting out Hagar and Ishmael,Etching with touches of drypoint,1637,NULL,NULL,31
509,St. Jerome Reading,Etching,1634,NULL,NULL,31
510,Return of the Prodigal Son,"Etching, pen and ink",1620–69,NULL,NULL,31
511,St. Jerome in Prayer,Etching,1635,NULL,NULL,31
512,"Portrait of Lieven Willemsz van Coppenol, Writing Master (the larger plate)",Etching and drypoint; fourth state,1658,NULL,NULL,31
513,Descent from the Cross,Etching and burin,1633,NULL,NULL,31
514,"A Peasant Calling Out: ""T is vinnich kout""",Etching,1634,NULL,NULL,31
515,The Crucifixion: Small Plate,Etching,ca. 1635,NULL,NULL,31
516,"Old Man with Beard, Fur Cap, and Velvet Cloak",Etching; second state,ca. 1631,NULL,NULL,31
517,Christ at Emmaus: The Smaller Plate,Etching with touches of drypoint,1634,NULL,NULL,31
518,"Filippo Archinto (born about 1500, died 1558), Archbishop of Milan",Oil on canvas,mid-1550s,NULL,NULL,32
519,Venus and Adonis,Oil on canvas,1550s,NULL,NULL,32
520,Venus and the Lute Player,Oil on canvas,ca. 1565–70,NULL,NULL,32
521,Madonna and Child,Oil on wood,ca. 1508,NULL,NULL,32
522,Portrait of a Man,Oil on canvas,ca. 1515,NULL,NULL,32
523,Tablecloth and napkin,Silk on linen,ca. 1900,NULL,NULL,32
524,Landscape with a Goat,Pen and brown ink; framing lines in pen and brown ink,1500–11,NULL,NULL,32
525,Group of Trees,"Pen and brown ink, traces of gray printer's ink at lower right, on beige paper",1485/90–1576,NULL,NULL,32
526,Two Satyrs in a Landscape,"Pen and brown ink, highlighted with white gouache on fine, off-white laid paper",ca. 1505–10,NULL,NULL,32
527,Landscape with Two Seated Figures,"Pen and brown ink, over traces of black chalk",16th century,NULL,NULL,32
528,The Triumph of Christ: the last sheet on the right showing Adam and Eve who lead the procession,Woodcut,ca. 1510–11,NULL,NULL,32
529,St Jerome in the Desert,Engraving,1565,NULL,NULL,32
530,Martyrdom of St. Lawrence,Engraving,1571,NULL,NULL,32
531,The Annunciation with Flying Angel,Engraving,1548,NULL,NULL,32
532,The Adoration of the Trinity,Engraving,1566,NULL,NULL,32
533,The Adoration of the Trinity,Engraving,1566,NULL,NULL,32
534,St Jerome in the Desert,Engraving,1565,NULL,NULL,32
535,La Vierge adorent l'Enfant Jesus,Etching,NULL,NULL,NULL,32
536,"Philippe II, roi d'Espagne",Etching,NULL,NULL,NULL,32
537,Diana Discovering Callisto's Pregnancy,Engraving,1566,NULL,NULL,32
538,"The Rest on the Flight into Egypt, Joseph at right, the Virgin holds the Christ Child in the centre, other figures to the left",Etching and engraving,1531–76,NULL,NULL,32
539,"The entombment of Christ, the crosses on Calvary visble in left background",Etching and engraving,1563,NULL,NULL,32
540,Tityus Punished in Hell,Engraving; first state of three,1566,NULL,NULL,32
541,The Holy Spirit as a bird descending with spread wings at top center; the twelve Apostles standing below gesturing to it in front of an archway,Engraving,1518,NULL,NULL,32
542,Tantalus,Engraving; second state of two,ca. 1557–70,NULL,NULL,32
543,Ruggiero Rescuing Angelica,Engraving,1565,NULL,NULL,32
544,Ruggiero Rescuing Angelica,Engraving,1565,NULL,NULL,32
545,The rest on the flight into Egypt,Engraving,1569,NULL,NULL,32
546,Venus and Cupid,Woodcut (key block only),1566,NULL,NULL,32
547,Satyrs in a Landscape (after Titian),Etching,ca. 1550–60,NULL,NULL,32
548,Assumption of the Virgin,Ivory,1632,NULL,NULL,32
549,Landscape with a Horseman and His Groom,Etching; first state of two,ca. 1552–61,NULL,NULL,32
550,"The resurrection of Christ, holding a banner in his right hand, soldiers surrounding the tomb, some falling away",Etching and engraving,1561,NULL,NULL,32
551,"The crossing of the red sea, Moses stands at the left pointing to the army being submerged, after Titian","Chiaroscuro woodcut from four blocks in brown-green, extra strip from another impression with brown hue added across top",1589,NULL,NULL,32
552,Landscape with a milkmaid at right and a boy at left,Woodcut,ca. 1535–40,NULL,NULL,32
553,The Martyrdom of St Lawrence,Engraving,1571,NULL,NULL,32
554,Venus of Urbino,"Etching and stipple, printed in brown ink",1799,NULL,NULL,32
555,Holy Family,Engraving,NULL,NULL,NULL,32
556,Pietro Aretino,Engraving,NULL,NULL,NULL,32
557,Flora,Etching; second state of two,1626–88,NULL,NULL,32
558,The Annunciation,Engraving,1537,NULL,NULL,32
559,Tarquin and Lucretia,Engraving; first state,1571,NULL,NULL,32
560,Doge Andrea Gritti (1455–1538),Oil on canvas,NULL,NULL,NULL,32
561,"Alfonso d'Este (1486–1534), Duke of Ferrara",Oil on canvas,NULL,NULL,NULL,32
562,Laura Dianti with a Black Page,Engraving,1600–1627,NULL,NULL,32
563,"Group of naked men engaged in battle in a wooded landscape, some on horseback; a dog at lower left.",Engraving,1517,NULL,NULL,32
564,The Pesaro Madonna,Etching,1682,NULL,NULL,32
565,The Martyrdom of Saint Peter,Engraving,ca. 1560,NULL,NULL,32
566,Portrait of Pietro Aretino,Engraving; second state of two,ca. 1517–20,NULL,NULL,32
567,"Compositional Study for ""Comus–The Measure"" (recto); Studies of a Man's Right Leg, after Titian, and a Profile, for ""Comus–The Measure"" (verso)",Black chalk,before 1864,NULL,NULL,32
568,"The Englishman (William Tom Warrener, 1861–1934) at the Moulin Rouge",Oil on cardboard,1892,NULL,NULL,33
569,The Sofa,Oil on cardboard,ca. 1894–96,NULL,NULL,33
570,Albert (René) Grenier (1858–1925),Oil on wood,1887,NULL,NULL,33
571,The Streetwalker,Oil on cardboard,ca. 1890–91,NULL,NULL,33
572,At the Circus: The Spanish Walk (Au Cirque: Le Pas espagnol),"Graphite, black and colored pastel, and charcoal on off-white heavy wove paper",1899,NULL,NULL,33
573,Woman in the Garden of Monsieur Forest,Oil on canvas,1889–91,NULL,NULL,33
574,Émilie,Oil on wood,late 1890s,NULL,NULL,33
575,Henri-Gabriel Ibels (1867–1936),Oil on cardboard,1892–93,NULL,NULL,33
576,Woman before a Mirror,Oil on cardboard,1897,NULL,NULL,33
577,Moulin Rouge: La Goulue,Lithograph printed in four colors; three sheets of wove paper,1891,NULL,NULL,33
578,Reine de Joie par Victor Joze,NULL,NULL,NULL,NULL,33
579,Mademoiselle Nys,Oil on unprimed wood,1899,NULL,NULL,33
580,"Madame Thadée Natanson (Misia Godebska, 1872–1950) at the Theater",Oil on cardboard,1895,NULL,NULL,33
581,The Clown: M. Joret,Pen and black ink (faded to brown),1885,NULL,NULL,33
582,Adolphe (The Sad Young Man),"Crayon lithograph printed in olive green on Japan paper with watermark of Gustave Pellet and Toulouse-Lautrec, from posthumous second edition before 1910; only state",1894,NULL,NULL,33
583,A Woman and a Man on Horseback,"Blue crayon, graphite",1879–81,NULL,NULL,33
584,May Belfort,Lithograph,1895,NULL,NULL,33
585,Album de Marine: Sketchbook of 48 folios containing 17 watercolors and 27 black chalk and graphite sketches,"Graphite, watercolor and black chalk on paper",1879–80,NULL,NULL,33
586,Jane Avril,Lithograph printed in five colors; machine wove paper,1893,NULL,NULL,33
587,"The Seated Clowness (Mademoiselle Cha-u-ka-o), from ""Elles""","Crayon, brush and spatter lithograph with scraper printed in five colors on wove paper with watermark (G. Pellet / T. Lautrec); only state",1896,NULL,NULL,33
588,Au Moulin Rouge: Un Rude!  Un Vrai Rude!,"Crayon, brush, and spatter lithograph with scraper printed in black on imitation japan paper; only state",1893,NULL,NULL,33
589,Elles (portfolio cover),"Crayon, brush, and spatter lithograph printed in three colors on wove paper with watermark (G. Pellet / T. Lautrec); second state of three (frontispiece edition)",1896,NULL,NULL,33
590,"The Seated Clowness (Mademoiselle Cha-u-ka-o), from ""Elles""","Crayon, brush, and spatter lithograph with scraper printed in five colors on wove paper with watermark (G. Pellet / T. Lautrec); only state",1896,NULL,NULL,33
591,Paula Brébion (from Le Café Concert),Brush lithograph printed in light olive-green on wove paper; only state,1893,NULL,NULL,33
592,Mary Hamilton (from Le Café Concert),Brush and crayon lithograph printed in light olive green ink on wove paper; only state,1893,NULL,NULL,33
593,American Singer (from Le Café Concert),Brush and spatter lithograph printed in black on wove paper; only state,1893,NULL,NULL,33
594,Yvette Guilbert (from Le Café Concert),Brush and crayon lithograph printed in brownish-black ink on laid japan paper; only state,1893,NULL,NULL,33
595,Cléo de Mérode,Crayon lithograph with scraper on china paper,1898,NULL,NULL,33
596,Reine de Joie,"Color lithograph, reduced from poster",1892,NULL,NULL,33
597,La Troupe de Mademoiselle Eglantine,Lithograph printed in three colors on machine wove paper,1895,NULL,NULL,33
598,Tristan Bernard,Drypoint,"1898, published 1920",NULL,NULL,33
599,IV. A Menilmontant de Bruant,Lithograph printed with beige tint stone on laid paper,1898,NULL,NULL,33
600,Reine De Joie,Lithograph printed in four colors; machine wove paper,1892,NULL,NULL,33
601,Two Dogs,Pen and brown ink,n.d.,NULL,NULL,33
602,"Aristide Bruant, at His Cabaret",Lithograph (with text) printed in four colors; machine wove paper,1893,NULL,NULL,33
603,"L'Exemple de Ninon de Lenclos, Amoureuse","Second edition
Lithograph on vellum",1898,NULL,NULL,33
604,Divan Japonais,"Lithograph printed in four colors, wove paper",1892–93,NULL,NULL,33
605,Sarah Bernhardt,Crayon lithograph on china paper,1898,NULL,NULL,33
606,"""Les Vieux Messieurs"" (The Old Gentlemen)",Lithograph on wove paper,1894,NULL,NULL,33
607,Combing Their Hair,Lithograph printed in two colors,1896,NULL,NULL,33
608,The Jockey,Lithograph on China paper,1899,NULL,NULL,33
609,Les Rois Mages,Lithograph,NULL,NULL,NULL,33
610,"Ambroise Thomas assistant à une répétition de Françoise de Rimini, from Le Rire, No. 66, 8 February 1896",Lithograph,1896,NULL,NULL,33
611,"Entrée de Cha-u-Kao, from Le Rire, No. 67, 15 February 1896",Lithograph,1896,NULL,NULL,33
612,Confetti,Lithograph printed in three colors on vellum,1894,NULL,NULL,33
613,Jouets De Paris,Lithograph on vellum,1901,NULL,NULL,33
614,"Skating, from Le Rire, No. 62, 11 January 1896",Lithograph,1896,NULL,NULL,33
615,Frontispiece - Yvette Guilbert before the Prompter's Box,Lithograph on laid paper,1898,NULL,NULL,33
616,At the Brasserie Hanneton,Crayon lithograph printed in brown-black on wove paper,1898,NULL,NULL,33
617,Confetti,Lithograph printed in three colors on vellum,1894,NULL,NULL,33
618,The Young Bather,Oil on canvas,1866,NULL,NULL,34
619,"Jo, La Belle Irlandaise",Oil on canvas,1865–66,NULL,NULL,34
620,Young Ladies of the Village,Oil on canvas,1851–52,NULL,NULL,34
621,Woman in a Riding Habit (L'Amazone),Oil on canvas,ca. 1855–59,NULL,NULL,34
622,Monsieur Suisse,Oil on canvas,1861,NULL,NULL,34
623,"Madame Frederic Breyer (Fanny Hélène Van Bruyssel, 1830–1894)",Oil on canvas,1858,NULL,NULL,34
624,Marine: The Waterspout,Oil on canvas,1870,NULL,NULL,34
625,After the Hunt,Oil on canvas,ca. 1859,NULL,NULL,34
626,The Woman in the Waves,Oil on canvas,1868,NULL,NULL,34
627,Louis Gueymard (1822–1880) as Robert le Diable,Oil on canvas,1857,NULL,NULL,34
628,Alphonse Promayet (1822–1872),Oil on canvas,1851,NULL,NULL,34
629,Woman with a Parrot,Oil on canvas,1866,NULL,NULL,34
630,Portrait of a Man,Oil on canvas,probably ca. 1862,NULL,NULL,34
631,Hunting Dogs with Dead Hare,Oil on canvas,1857,NULL,NULL,34
632,The Source,Oil on canvas,1862,NULL,NULL,34
633,View of Ornans,Oil on canvas,probably mid-1850s,NULL,NULL,34
634,The Sea,Oil on canvas,1865 or later,NULL,NULL,34
635,A Brook in the Forest,Oil on canvas,ca. 1868–77,NULL,NULL,34
636,"A Brook in a Clearing (possibly ""Brook, Valley of Fontcouverte; Study"")",Oil on canvas,probably 1862,NULL,NULL,34
637,"[The Great Wave, Sète]",Albumen silver print from glass negative,1857,NULL,NULL,34
638,Study of a Nude Man,Oil on canvas,early 1840s,NULL,NULL,34
639,Spring Flowers,Oil on canvas,ca. 1855–60,NULL,NULL,34
640,Mediterranean with Mount Agde,Albumen silver print from two glass negatives,1857,NULL,NULL,34
641,Mer Méditerranée - Sète,Albumen silver print from two glass negatives,1857,NULL,NULL,34
642,Brig on the Water,Albumen silver print from glass negative,1856,NULL,NULL,34
643,"Haystacks, Morning, Eragny",Oil on canvas,1899,NULL,NULL,35
644,"Jalais Hill, Pontoise",Oil on canvas,1867,NULL,NULL,35
645,"A Cowherd at Valhermeil, Auvers-sur-Oise",Oil on canvas,1874,NULL,NULL,35
646,Two Young Peasant Women,Oil on canvas,1891–92,NULL,NULL,35
647,Still Life with Apples and Pitcher,Oil on canvas,1872,NULL,NULL,35
648,The Public Garden at Pontoise,Oil on canvas,1874,NULL,NULL,35
649,"Côte des Grouettes, near Pontoise",Oil on canvas,probably 1878,NULL,NULL,35
650,A Washerwoman at Eragny,Oil on canvas,1893,NULL,NULL,35
651,Seated Peasant Woman with Goats,Gouache on wove paper,1885,NULL,NULL,35
652,Fan Mount: The Cabbage Gatherers,Gouache on silk,ca. 1878–79,NULL,NULL,35
653,"Morning, An Overcast Day, Rouen",Oil on canvas,1896,NULL,NULL,35
654,Steamboats in the Port of Rouen,Oil on canvas,1896,NULL,NULL,35
655,"Poplars, Eragny",Oil on canvas,1895,NULL,NULL,35
656,The Garden of the Tuileries on a Winter Afternoon,Oil on canvas,1899,NULL,NULL,35
657,The Garden of the Tuileries on a Winter Afternoon,Oil on canvas,1899,NULL,NULL,35
658,Fontainebleau: Oak Trees at Bas-Bréau,"Oil on paper, laid down on wood",1832 or 1833,NULL,NULL,35
659,Hagar in the Wilderness,Oil on canvas,1835,NULL,NULL,35
660,"Washerwoman, Study",Oil on canvas,1880,NULL,NULL,35
661,Barges at Pontoise,Oil on canvas,1876,NULL,NULL,35
662,Marketplace in Pontoise,"Graphite, pen and black-gummed ink on buff wove paper (glossy on verso); right margin torn from notebook",1886,NULL,NULL,35
663,Bather in the Woods,Oil on canvas,1895,NULL,NULL,35
664,The Market at Gisors: Rue Cappeville,Color etching and drypoint on laid paper; seventh state of seven; posthumous impression,1894–95,NULL,NULL,35
665,Whalers,Oil on canvas,ca. 1845,NULL,NULL,36
666,"Venice, from the Porch of Madonna della Salute",Oil on canvas,ca. 1835,NULL,NULL,36
667,"Saltash with the Water Ferry, Cornwall",Oil on canvas,1811,NULL,NULL,36
668,The Wedding of Stephen Beckingham and Mary Cox,Oil on canvas,1729,NULL,NULL,36
669,"Solitude, or The Reading Magdalen (Liber Studiorum, part XI, plate 53)",Etching and mezzotint; first state of seven (Finberg),"May 12, 1814",NULL,NULL,36
670,"The Fort of L'Esseillon, Val de la Maurienne, France",Watercolor,1835–36,NULL,NULL,36
671,Chatel Argent and the Val d'Aosta from above Villeneuve,Watercolor and  gouache (bodycolor) over graphite,1836,NULL,NULL,36
672,"Solitude, or The Reading Magdalen, part XI, plate 53 from ""Liber Studiorum""",Etching and mezzotint; first state of seven (Finberg),"May 12, 1814",NULL,NULL,36
673,"Procris and Cephalus, part ViII, plate 41 from ""Liber Studiorum""",Etching and mezzotint; first state of three,"February 14, 1812",NULL,NULL,36
674,"The Alcove, Isleworth, part XIII, plate 63 from ""Liber Studiorum""",Etching and mezzotint; second state of four (Finberg),"January 1, 1819",NULL,NULL,36
675,"Isleworth (Liber Studiorum, part XIII, plate 63)",Etching and mezzotint; third state of four (Finberg),"January 1, 1819",NULL,NULL,36
676,"Peat Bog, Scotland (Liber Studiorum, part IX, plate 45)","Etching, aquatint and mezzotint; fifth state of five","April 23, 1812",NULL,NULL,36
677,Dark Prison (Carcere Oscura),Watercolor over graphite,1790–99,NULL,NULL,36
678,"Bonneville, Savoy, part XIII, plate 64 from ""Liber Studiorum""","Etching, aquatint and mezzotint; first state of three","January 1, 1819",NULL,NULL,36
679,"Tivoli, Villa of Maecenas and part of the Cascatelle","Brush and blue-gray wash, over graphite",1794–97,NULL,NULL,36
680,A landscape with an old oak (or beech) tree,Watercolor over graphite,ca. 1796,NULL,NULL,36
681,"View of the Bay and Harbor of New York, from Gowanus Heights, Brooklyn",Watercolor and graphite on white wove paper,ca. 1841 or 1852,NULL,NULL,36
682,The Three Graces,Oil on millboard,NULL,NULL,NULL,36
683,"The History of St. Paul's Cathedral in London, From its Foundation until these Times",Illustrations; etching,1658,NULL,NULL,36
684,Still Life with Apples and a Pot of Primroses,Oil on canvas,ca. 1890,NULL,NULL,38
685,"Madame Cézanne (Hortense Fiquet, 1850–1922) in a Red Dress",Oil on canvas,1888–90,NULL,NULL,38
686,Mont Sainte-Victoire and the Viaduct of the Arc River Valley,Oil on canvas,1882–85,NULL,NULL,38
687,The Gulf of Marseilles Seen from L'Estaque,Oil on canvas,ca. 1885,NULL,NULL,38
688,Dish of Apples,Oil on canvas,ca. 1876–77,NULL,NULL,38
689,The Card Players,Oil on canvas,1890–92,NULL,NULL,38
690,Rocks at Fontainebleau,Oil on canvas,1890s,NULL,NULL,38
691,Gustave Boyer (b. 1840) in a Straw Hat,"Oil on paper, laid down on canvas",1870–71,NULL,NULL,38
692,Trees and Houses Near the Jas de Bouffan,Oil on canvas,1885–86,NULL,NULL,38
693,The House with the Cracked Walls,Oil on canvas,1892–94,NULL,NULL,38
694,Still Life with Teapot and Fruit,Oil on canvas,1896,NULL,NULL,38
695,Gardanne,Oil on canvas,1885–86,NULL,NULL,38
696,Still Life with Apples and Pears,Oil on canvas,ca. 1891–92,NULL,NULL,38
697,"Antoine Dominique Sauveur Aubert (born 1817), the Artist's Uncle, as a Monk",Oil on canvas,1866,NULL,NULL,38
698,"Antoine Dominique Sauveur Aubert (born 1817), the Artist's Uncle",Oil on canvas,1866,NULL,NULL,38
699,Still Life with a Ginger Jar and Eggplants,Oil on canvas,1893–94,NULL,NULL,38
700,The Fishermen (Fantastic Scene),Oil on canvas,ca. 1875,NULL,NULL,38
701,"Still Life with Jar, Cup, and Apples",Oil on canvas,ca. 1877,NULL,NULL,38
702,Bathers,Oil on canvas,1874–75,NULL,NULL,38
703,Studies of Assyrian figures (two-sided),Graphite,ca. 1864–1868,NULL,NULL,38
704,Entrance to a Garden,Watercolor over graphite,1878–80,NULL,NULL,38
705,Still-Life with a Watermelon and Pomegranates,Watercolor over graphite on laid paper,1900–1906,NULL,NULL,38
706,Ia Orana Maria (Hail Mary),Oil on canvas,1891,NULL,NULL,38
707,The Triumph of Henry IV,Oil on wood,ca. 1630,NULL,NULL,38
708,Two Women,Oil on canvas,1901 or 1902,NULL,NULL,38
709,Three Tahitian Women,Oil on wood,1896,NULL,NULL,38
710,Two Tahitian Women,Oil on canvas,1899,NULL,NULL,38
711,Still Life,Oil on canvas,NULL,NULL,NULL,38
712,The Abduction of Rebecca,Oil on canvas,1846,NULL,NULL,39
713,Basket of Flowers,Oil on canvas,1848–49,NULL,NULL,39
714,Christ Asleep during the Tempest,Oil on canvas,ca. 1853,NULL,NULL,39
715,Rebecca and the Wounded Ivanhoe,Oil on canvas,1823,NULL,NULL,39
716,"Madame Henri François Riesener (Félicité Longrois, 1786–1847)",Oil on canvas,1835,NULL,NULL,39
717,The Natchez,Oil on canvas,1823–24 and 1835,NULL,NULL,39
718,Ovid among the Scythians,"Oil on paper, laid down on wood",1862,NULL,NULL,39
719,Ecorché: Torso of a Male Cadaver,"Red, black, and white fabricated chalk, graphite",1828?,NULL,NULL,39
720,Götz von Berlichingen Writing His Memoirs,Graphite on beige wove paper,1840–42 or 1849,NULL,NULL,39
721,Ecorché: The Backs of Two Seated Figures,Red and black fabricated chalk,NULL,NULL,NULL,39
722,"Combat of Nude Men, after Raphael",Pen and brown ink on tracing paper laid down,ca. 1823,NULL,NULL,39
723,Hamlet and Horatio in the Graveyard,Brush and brown wash with watercolor over graphite on heavy watercolor paper,1827–28,NULL,NULL,39
724,Sunset,Pastel on blue laid paper,ca. 1850,NULL,NULL,39
725,"Male Academy Figure: Half-Length, Side View",Oil on paper laid down on panel (formerly canvas),ca. 1818–20,NULL,NULL,39
726,Four Studies of Horses (recto); Four Studies of Galloping Horses and Riders (verso),"Pen and ink, brush and black wash, graphite (recto); graphite (verso)",1824–25,NULL,NULL,39
727,George Sand's Garden at Nohant,Oil on canvas,ca. 1842–43,NULL,NULL,39
728,Steenie or Redgauntlet Pursued by a Goblin on Horseback,Unfinished lithograph; first state of three,1829,NULL,NULL,39
729,Studies of a Bearded Head and a Greek or Roman Coin,Graphite,"December 23, 1824",NULL,NULL,39
730,A Blacksmith,Aquatint with drypoint remarques; second state of six,1833 or earlier,NULL,NULL,39
731,"Six Costume Studies for ""Goetz von Berlichingen""",Pen and iron gall ink,"March 10, 1838",NULL,NULL,39
732,Écorché: Three Studies of a Male Cadaver,"Pen and brown ink, graphite",n.d.,NULL,NULL,39
733,Tomb Effigies: A Man in a Suit of Armor beside a Child,Graphite,ca. 1825–30,NULL,NULL,39
734,Figures from Raphael's Loggia (recto); Study of a Bearded Man (verso),Pen and iron gall ink (recto); graphite (verso),ca. 1833-35,NULL,NULL,39
735,Interior of a Military Hospital,Aquatint printed in black ink on heavy wove paper; rare impression,1828 or earlier,NULL,NULL,39
736,Hamlet and His Mother,Oil on canvas,1849,NULL,NULL,39
737,A Lioness and a Caricature of Ingres,Pen and brown ink on laid paper,1850s,NULL,NULL,39
738,"Study of a Ceiling Decoration, the Bedroom of the Apartment of the Queen Mother at Fontainebleau",Watercolor over graphite,1841 or 1846,NULL,NULL,39
739,Academic Male Nude with Staff,Charcoal heightened with white chalk,1816–20,NULL,NULL,39
740,A Storm off the Normandy Coast,"Oil on paper, laid down on canvas",probably 1850s,NULL,NULL,39
741,"Angel with a Crown of Laurel, or Figure of Victory after Mantegna",Pen and iron gall ink,1820s(?),NULL,NULL,39
742,Studies of Twelve Greek and Roman Coins,Lithograph; second state of four,1825,NULL,NULL,39
743,"Battle Scene with a Prisoner Being Bound, after Raphael","Graphite on tracing paper, laid down",ca. 1823,NULL,NULL,39
744,A Moroccan Couple on Their Terrace,Watercolor over traces of graphite,1832,NULL,NULL,39
745,Goetz Aided by the Gypsies,Wood engraving (or possibly stereotype) on newsprint,after 1845,NULL,NULL,39
746,Goetz von Berlichingen Writing His Memoirs,Wood engraving (or possibly stereotype),after 1845,NULL,NULL,39
747,Goetz and Friar Martin,Wood engraving (or possibly stereotype),after 1845,NULL,NULL,39
748,[Nude Study],Albumen silver print from glass negative,1853–54,NULL,NULL,39
749,Arabs Crossing a Ford,Oil on wood,1873,NULL,NULL,39
750,The Repast of the Lion,Oil on canvas,ca. 1907,NULL,NULL,40
751,The Banks of the Bièvre near Bicêtre,Oil on canvas,ca. 1908–09,NULL,NULL,40
752,Salome,Oil on canvas,1870,NULL,NULL,40
753,"Study for ""A Sunday on La Grande Jatte""",Oil on canvas,1884,NULL,NULL,41
754,Circus Sideshow (Parade de cirque),Oil on canvas,1887–88,NULL,NULL,41
755,"Study for ""Poseuses""",Conté crayon on laid paper.,1886–87,NULL,NULL,41
756,The Forest at Pontaubert,Oil on canvas,1881,NULL,NULL,41
757,Landscape at Saint-Ouen,"Oil on wood, mounted on wood",1878 or 1879,NULL,NULL,41
758,A Man Leaning on a Parapet,Oil on wood,ca. 1881,NULL,NULL,41
759,"Gray Weather, Grande Jatte",Oil on canvas,ca. 1886–88,NULL,NULL,41
760,"Study for ""A Sunday on La Grande Jatte""",Oil on wood,1884,NULL,NULL,41
761,House at Dusk (La Cité),Conté crayon,1881–82,NULL,NULL,41
762,Candlestick,Silver,late 18th–early 19th century,NULL,NULL,44
763,Still Life with Teapot and Fruit,Oil on canvas,1896,NULL,NULL,46
764,The Siesta,Oil on canvas,ca. 1892–94,NULL,NULL,46
765,Ia Orana Maria (Hail Mary),Oil on canvas,1891,NULL,NULL,46
766,Two Tahitian Women,Oil on canvas,1899,NULL,NULL,46
767,Two Women,Oil on canvas,1901 or 1902,NULL,NULL,46
768,Three Tahitian Women,Oil on wood,1896,NULL,NULL,46
769,Tahitian Landscape,Oil on canvas,1892,NULL,NULL,46
770,Still Life with Apples and a Pot of Primroses,Oil on canvas,ca. 1890,NULL,NULL,46
771,Auti Te Pape,Woodcut printed in color on wove paper,1893–94,NULL,NULL,46
772,Mont Sainte-Victoire and the Viaduct of the Arc River Valley,Oil on canvas,1882–85,NULL,NULL,46
773,Still Life,Oil on canvas,NULL,NULL,NULL,46
774,Gustave Boyer (b. 1840) in a Straw Hat,"Oil on paper, laid down on canvas",1870–71,NULL,NULL,46
775,"Antoine Dominique Sauveur Aubert (born 1817), the Artist's Uncle",Oil on canvas,1866,NULL,NULL,46
776,Gardanne,Oil on canvas,1885–86,NULL,NULL,46
777,Bathers,Oil on canvas,1874–75,NULL,NULL,46
778,Woman Standing Beside a Balustrade with a Poodle,Oil on panel,ca. 1895,NULL,NULL,46
779,Susanna and the Elders,Oil on wood,NULL,NULL,NULL,46
780,Johann Joachim Winckelmann (1717–1768),Oil on canvas,ca. 1777,NULL,NULL,47
781,The Agony in the Garden,Oil on wood,ca. 1504,NULL,NULL,47
782,Madonna and Child Enthroned with Saints,Oil and gold on wood,ca. 1504,NULL,NULL,47
783,Self-Portrait,Oil on canvas,1776,NULL,NULL,47
784,Lucretia,"Pen and brown ink over black chalk, partially incised with a stylus (recto); rubbed with black chalk for transfer (verso)",1508–10,NULL,NULL,47
785,"The Judgment of Paris; he is sitting at left with Venus, Juno and Pallas Athena, a winged victory above; in the upper section the Sun in his chariot preceeded by Castor and Pollux on horseback; at lower right two river gods and a naiad above whom Jupiter, an eagle, Ganymede, Diana and another Goddess",Engraving,ca. 1510–20,NULL,NULL,47
786,"Giuliano de' Medici (1479–1516), Duke of Nemours",Tempera and oil on canvas,NULL,NULL,NULL,47
787,Inkstand with Apollo and the Muses,Maiolica (tin-glazed earthenware),1584,NULL,NULL,47
788,The Sacrifice of Noah,"Painted enamel on copper, partly gilt",mid-16th century,NULL,NULL,47
789,The Vision of Saint Anthony of Padua,Ivory,NULL,NULL,NULL,47
790,Pleasure,"Pastel on paper, laid down on canvas",ca. 1754,NULL,NULL,47
791,Apollo and the Muses on Parnassus,Engraving,1784,NULL,NULL,47
792,Rest on the Flight into Egypt,"Red chalk, graphite; squared in graphite",mid-18th–late 18th century,NULL,NULL,47
793,Bandit Beneath a Tree,Etching,1795–1801,NULL,NULL,47
794,The Triumph of History over Time,"Black and white chalk, on blue paper",1771–75 (?),NULL,NULL,47
795,Holy Family with St. John the Baptist,"Pen and brown ink, squared for transfer in black chalk",mid-18th century,NULL,NULL,47
796,"Valentine - Standing easel, chromolithographed family","Heavy card-stock, gilding, chromolithography",1873,NULL,NULL,47
797,Kneeling Female Nude and Two Studies of Angels,"Recto: pencil; margins ruled in red chalk at all four edges of paper
Verso: black and brown chalk and pencil",early 18th century,NULL,NULL,47
798,Seated Nude Male,"Black chalk, heightening with white, brown wash (?), on gray-brown paper",n.d.,NULL,NULL,47
799,Oedipus before the Temple of the Furies between his Daughters Antigone and Ismene,"Pen and brown ink, bown wash, heightened with white gouache, over graphite",ca. 1760–61,NULL,NULL,47
800,A wooded and rocky landscape,Black and white chalk on blue paper,ca. 1800,NULL,NULL,47
801,Timiditas from Four Vices,Engraving,1560–1628,NULL,NULL,47
802,"George Wallis, The Late Celebrated Antiquary and Gunsmith of Hull",Mezzotint on white wove paper,"June 20, 1804",NULL,NULL,47
803,"Design for Festival Architecture for an Entry into Paris for the King of Sweden, Frederick I of Hesse","Pen and brown ink, brush and colored washes, heightened with white",18th century,NULL,NULL,47
804,"Design for Festival Architecture for an Entry into Paris for the King of Sweden, Fredrerick I of Hesse","Pen and brown ink, brush and gray wash",18th century,NULL,NULL,47
805,"Design for Festival Architecture for an Entry into Paris for the King of Sweden, Frederick I of Hesse","Pen and gray ink, brush and brown wash over graphite",18th century,NULL,NULL,47
806,"The Israelites Passing the Red Sea, from Diversarum Iconum...Series Secunda",Chiaroscuro woodcut from four blocks in yellow-green ink,1740,NULL,NULL,47
807,The Temptation of Adam and Eve,"Lead, cast and chased, covered with black lacquer",early 18th century,NULL,NULL,47
808,"Design for Festival Architecture for an Entry into Paris for the King of Sweden, Frederick I of Hesse","Pen and gray ink, gray wash over traces of black chalk. Border line in pen and black ink.",18th century,NULL,NULL,47
809,Madonna and Child with the Young Saint John the Baptist,Pen and brown ink,late 18th–early 19th century (?),NULL,NULL,47
810,The Annointing of David by Samuel,"Maiolica (tin-glazed earthenware), lustered",ca. 1525–40,NULL,NULL,47
811,"The vision of Saint Dominic, with God the Father and Christ at top center, the Virgin standing below on the crescent moon, and Saint Francis of Assisi and Saint Dominic in the foreground",Engraving,1607,NULL,NULL,47
812,Saint Luke Painting the Virgin,Engraving,16th century,NULL,NULL,47
813,"Saint Francis kneeling with his arms outstretched, looking towards a cherub at upper left",Engraving,1599,NULL,NULL,47
814,"The vision of Ezekiel, with the dead rising and putting on their flesh, God the Father above in the sky",Engraving,1579,NULL,NULL,47
815,The Combat of Manricardo and Zerbino from a set illustrating Ariosto's Orlando Furioso,"Wool, silk (16-18 warps per inch, 6-7 per cm.)",1630–50,NULL,NULL,47
816,Four Wheel Chaise,Etching with stipple,"April 10, 1785",NULL,NULL,47
817,"Madonna and Child with the Infant Saint John the Baptist; upper left, Study for the Right Arm of the Infant Saint John; upper right, Study for Drapery (recto); Study of a Nude Male Figure (verso)",Red chalk (recto); pen and brown ink (verso),ca. 1506–7,NULL,NULL,47
818,Four Wheel Chaise,Etching with stipple,"April 10, 1785",NULL,NULL,47
819,"Going, A-Going",Etching,"November 30, 1785",NULL,NULL,47
820,Commanders Engaged at Sea,Etching,"November 30, 1785",NULL,NULL,47
821,Studies of the Christ Child,Red chalk,1513–14,NULL,NULL,47
822,Sly-boots,Etching,"June 5, 1786",NULL,NULL,47
823,Comfort in the Gout,Hand-colored etching,"November 30, 1785",NULL,NULL,47
824,Intrusion on Study or The Painter Disturbed,Etching,"November 30, 1785",NULL,NULL,47
825,A Cully Pillag'd,Etching,"November 30, 1785",NULL,NULL,47
826,Domestic Shaving,Stippled etching,"August 21, 1786",NULL,NULL,47
827,"The Sad Discovery; or, the Graceless Apprentice",Etching,"November 30, 1785",NULL,NULL,47
828,"A Lady in Limbo, or Jew Bail Rejected",Etching and stipple,"November 30, 1785",NULL,NULL,47
829,"Filial Affection, or a Trip to Gretna Green",Hand-colored etching with aquatint,"December 15, 1785",NULL,NULL,47
830,The Denial of Saint Peter,Oil on canvas,1610,NULL,NULL,48
831,Studies for the Libyan Sibyl (recto); Studies for the Libyan Sibyl and a small Sketch for a Seated Figure (verso),"Red chalk, with small accents of white chalk on the left shoulder of the figure in the main study (recto); soft black chalk, or less probably charcoal (verso)",ca. 1510–11,NULL,NULL,48
832,The Musicians,Oil on canvas,1597,NULL,NULL,48
833,Paper knife,"Gold, enamel",ca. 1863,NULL,NULL,48
834,"Orazione fvnerale di M. Benedetto Varchi fatta, e recitata da lui pubblicamente nell'essequie di Michelagnolo Bvonarroti in Firenze, nella chiesa di San Lorenzo",NULL,1564,NULL,NULL,48
835,Console table,"Carved, painted and gilded poplar wood; marble top",ca. 1782–92,NULL,NULL,48
836,"Saint Jerome in the wilderness, with a lion at left",Engraving,1578–80,NULL,NULL,48
837,"Two Alternatives Designs for a Cartouche Decorated with a Frame, Statues, and Volutes.","Pen and brown ink, over traces of black chalk",1604–87,NULL,NULL,48
838,Right and Part of the Left Half of a Design for a Cartouche,"Pen and ink, over faint traces of black chalk",1604–87,NULL,NULL,48
839,Design for a Decorated Ceiling with Putti and Garlands and a Forshortening of a Balustrade Around an Oculus.,"Pen and black ink, brush with pink, yellow, blue and gray wash, over traces of graphite",17th century,NULL,NULL,48
840,"Panels of Ornament, nos. IIII–VI, plate 2 from ""Designs for Various Ornaments""",Etching; printed in dark brown ink,"May 1, 1777",NULL,NULL,48
841,"Vases and Ornament Designs, nos. 200-208, plate 38 from ""Designs for Various Ornaments""",Etching,"February 29, 1782",NULL,NULL,48
842,"Panels of Ornament, nos. XLII-XLVI, plate 14 from ""Designs for Various Ornaments""",Etching; printed in dark brown ink,"May 30, 1778",NULL,NULL,48
843,"Tripod and Panels of Ornament, nos. CCIV–CCXVII, plate 39 from ""Designs for Various Ornaments""",Etching,"February 29, 1782",NULL,NULL,48
844,"Interior Ornamented Wall with Windows and Pier-Glasses, nos. 267–273, plate 47 from ""Designs for Various Ornaments""",Etching and watercolor,"February 27, 1784",NULL,NULL,48
845,"Ornament Designs, nos. CLVI to CLXXV, plate 33 from ""Designs for Various Ornaments""",Etching; printed in dark brown ink,"July 1, 1781",NULL,NULL,48
846,"Interior Ornamented Wall with Doors, nos. 228–239, plate 42 from ""Designs for Various Ornaments""",Etching,"July 17, 1782",NULL,NULL,48
847,"Vases and Vessels, nos. 248–254, plate 44 from ""Designs for Various Ornaments""",Etching and engraving,"July 17, 1782",NULL,NULL,48
848,"Vases and Ornament Designs, nos. 200-208, plate 38 from ""Designs for Various Ornaments""",Etching,"February 29, 1791",NULL,NULL,48
849,"Vases and Vessels, nos. 248–254, plate 44 from ""Designs for Various Ornaments""",Etching and engraving,"July 17, 1791",NULL,NULL,48
850,"Panels of Ornament, nos. VII–VIIII, plate 4 from ""Designs for Various Ornaments""",Etching; printed in dark brown ink,"May 1, 1777",NULL,NULL,48
851,"Vases and Ornament Designs, nos. 200-208, plate 38 from ""Designs for Various Ornaments""",Etching,"February 29, 1782",NULL,NULL,48
852,"Panels of Ornament, nos. CLXXXVI–CXCII, plate 36 from ""Designs for Various Ornaments""",Etching; printed in dark brown ink,"February 29, 1782",NULL,NULL,48
853,"Panels of Ornament, nos. CCLXXIV–CCXCIII, plate 48 from ""Designs for Various Ornaments""",Etching; printed in dark brown ink,"February 27, 1784",NULL,NULL,48
854,"Vases and Vessels, nos. 248–254, plate 44 from ""Designs for Various Ornaments""",Etching and engraving,"July 17, 1782",NULL,NULL,48
855,"Ceiling Ornament, nos. CCCXXII–CCCXXVI, plate 50 from ""Designs for Various Ornaments""",Etching; printed in dark brown ink,"February 27, 1791",NULL,NULL,48
856,"Vases and Vessels, nos. 248–254, plate 44 from ""Designs for Various Ornaments""",Etching and engraving,"July 17, 1782",NULL,NULL,48
857,"Interior Ornamented Wall with Doors, nos. 228–239, plate 42 from ""Designs for Various Ornaments""",Etching,"July 17, 1791",NULL,NULL,48
858,Samson and the Philistines,Bronze,ca. 1550,NULL,NULL,48
859,Hercules and Cacus,Bronze,19th century?,NULL,NULL,48
860,Architecture,Pen and brown ink and wash,17th century,NULL,NULL,48
861,The Martyrdom of Saint Anastasia,"Pen and brown ink, brush and pale brown wash, highlighted with white gouache, over black chalk",1721,NULL,NULL,48
862,The Young David Playing the Harp,"Black chalk, brush and gray wash, on blue paper; squared in pen and brown ink",ca. 1548–50,NULL,NULL,48
863,Design for the Tomb of Pope Julius II della Rovere,"Pen and brown ink, brush and brown wash, over stylus ruling and leadpoint",1505–6,NULL,NULL,48
864,"Acanthus Leaves, Birds and Insects, no. CCCLXXII, plate 57 from ""Designs for Various Ornaments""",Etching and engraving,"April 1, 1792",NULL,NULL,48
865,"Acanthus Leaves, Birds and Insects, no. CCCLXXII, plate 57 from ""Designs for Various Ornaments""",Etching,"April 1, 1792",NULL,NULL,48
866,"Interior Ornamented Wall with Doors and Fireplace, nos. 344–350, plate 52 from ""Designs for Various Ornaments""","Etching; printed in dark brown ink, and watercolor","March 20, 1785",NULL,NULL,48
867,"Panels of Ornament, nos. CCCLXXIII–CCLXXXIV, plate 58 from ""Designs for Various Ornaments""",Etching,"April 29, 1791",NULL,NULL,48
868,"Candelabra, Vessels and Ornament, nos. 358–369, plate 54 from ""Designs for Various Ornaments""",Etching and engraving,"March 20, 1785",NULL,NULL,48
869,"Candelabra Designs and Stair Railing Designs, nos. CCCXCV–CCCXCVII and 398–400, plate 60 from ""Designs for Various Ornaments""",Etching,"April 1, 1792",NULL,NULL,48
870,"Candelabra Designs and Stair Railing Designs, nos. CCCXCV–CCCXCVII and 398–400, plate 60 from ""Designs for Various Ornaments""",Etching,"April 1, 1792",NULL,NULL,48
871,"Candelabra, Vessels and Ornament, nos. 358–369, plate 54 from ""Designs for Various Ornaments""","Etching and engraving, printed in brown ink","March 20, 1785",NULL,NULL,48
872,"Interior Ornamented Wall with Window and Furniture, nos. 411–424, plate 64 from ""Designs for Various Ornaments""",Etching and watercolor,"February 15, 1792",NULL,NULL,48
873,"Candelabra, Vessels and Ornament, nos. 358–369, plate 54 from ""Designs for Various Ornaments""",Etching and engraving,"March 20, 1792",NULL,NULL,48
874,Putti Playing with Hoops (Cartoon for a Fresco in Parma Cathedral),Black chalk; outlines pricked for transfer,ca. 1548,NULL,NULL,48
875,Four Boats,"Pen and brown ink, brush and brown wash, over traces of black chalk",1602–60,NULL,NULL,48
876,"The Last Judgment, Christ at top center surrounded by many figures, below figures sound trumpets and people are being forced from the boat into hell",Engraving,ca. 1550–1600,NULL,NULL,48
877,"Drawing of the Head of Michelangelo's Dawn (from the Tomb of Lorenzo de' Medici, Church of San Lorenzo, Florence)",Red chalk,n.d.,NULL,NULL,48
878,Christ and the Two Thieves Crucified,Bronze,ca. 1560–70,NULL,NULL,48
879,Crucifixion with Two Angels,Engraving and etching,ca. 1540,NULL,NULL,48
